,price_in_lakhs
0,4.0
1,8.11
2,5.85
3,4.62
4,7.9
6,3.45
7,12.0
8,9.6
9,5.85
10,6.9
11,6.82
12,8.25
13,5.95
14,6.9
15,13.5
17,5.21
18,10.05
19,7.75
21,5.82
22,10.9
23,4.57
25,5.5
26,5.7
27,2.2
29,8.61
30,17.85
31,8.03
33,6.74
34,3.49
35,10.5
37,4.06
39,11.0
40,11.0
41,5.94
42,7.1
43,6.92
44,6.5
46,4.11
47,6.5
49,6.1
50,16.75
51,5.3
53,2.5
54,7.15
57,6.25
59,6.5
60,5.5
61,8.25
62,2.2
63,4.28
64,6.95
65,9.3
66,4.55
67,11.95
69,4.42
70,6.9
71,5.0
73,6.5
74,5.37
75,7.5
76,17.9
77,4.68
78,4.2
79,4.2
80,9.2
81,5.33
82,8.5
83,7.51
84,3.88
85,4.9
86,4.94
87,5.25
89,5.5
90,3.65
91,4.2
94,10.5
96,3.94
97,7.25
98,2.4
99,8.35
100,6.95
101,17.25
102,3.3
103,9.9
104,7.5
105,7.55
106,17.5
108,2.71
109,12.8
110,4.36
111,16.75
112,12.5
113,13.5
114,12.5
116,4.75
117,6.0
119,16.25
120,16.5
121,2.49
122,6.3
124,2.49
125,3.85
126,3.0
128,2.76
129,5.0
130,7.3
132,3.99
133,3.12
134,12.75
136,7.19
137,12.6
138,3.0
140,6.27
141,13.0
142,6.72
143,18.25
145,4.4
146,14.6
148,10.33
149,2.75
150,6.76
152,6.5
153,4.44
154,5.1
155,9.25
156,10.24
157,5.0
158,9.95
159,9.35
160,8.34
161,5.6
162,4.54
164,11.0
165,4.62
166,9.0
168,8.43
169,7.99
170,5.76
171,9.49
172,7.95
173,10.85
175,5.16
176,7.77
177,7.53
178,12.26
179,7.25
180,11.5
181,6.29
182,4.47
183,4.0
184,7.86
185,7.45
186,4.9
187,9.42
188,6.75
189,3.3
190,8.75
191,8.69
192,4.25
193,10.7
194,10.25
195,10.0
196,3.75
197,3.75
198,8.44
199,7.64
200,4.2
201,6.84
202,8.03
203,3.2
204,8.04
205,14.0
206,5.48
207,6.19
208,10.0
209,8.65
210,10.0
211,5.35
212,9.75
213,6.99
214,11.5
215,6.25
216,10.0
217,6.0
218,6.75
219,8.93
220,4.2
221,9.41
222,6.3
223,12.75
224,5.25
225,7.5
226,6.32
227,6.45
228,5.0
230,8.5
231,2.99
234,9.99
235,8.25
236,2.5
237,12.95
238,3.29
239,6.66
241,10.26
242,17.0
243,6.81
244,16.9
245,3.18
246,6.88
247,13.0
248,2.65
249,6.45
251,9.0
252,6.2
253,14.7
254,2.2
255,14.75
256,4.15
257,6.1
258,5.6
259,4.25
260,6.86
261,5.17
262,3.85
263,6.75
265,4.99
266,7.74
267,14.75
268,2.4
269,10.25
270,14.0
271,2.85
272,10.0
273,7.8
274,4.75
275,7.5
276,5.55
277,6.07
278,5.14
279,2.5
280,7.05
281,6.53
282,8.72
283,5.64
284,3.7
285,5.5
286,5.17
287,6.2
288,6.2
289,7.5
290,12.2
291,13.5
292,5.75
293,12.5
294,8.68
296,9.8
297,9.0
298,5.5
299,4.5
300,6.1
301,5.43
302,9.8
303,5.35
304,8.5
305,6.61
306,5.05
307,4.5
308,8.65
309,9.99
310,5.95
312,4.0
313,5.5
315,16.0
316,5.2
317,6.16
318,7.95
319,12.75
320,6.24
321,5.49
322,7.6
323,5.24
324,16.5
325,5.83
326,11.47
327,17.5
328,8.25
330,7.55
331,8.75
332,8.55
333,18.45
334,5.25
335,6.5
336,9.5
337,8.46
338,4.24
339,2.1
340,9.59
341,8.89
342,8.5
343,8.36
344,6.6
345,3.34
346,5.94
347,9.91
348,14.5
349,2.19
350,12.85
352,4.55
353,8.25
354,8.25
355,9.2
357,7.29
358,4.32
359,7.0
360,14.99
361,7.62
362,16.25
363,6.32
364,12.18
365,5.24
366,14.05
367,13.9
369,12.75
370,2.75
371,11.25
372,6.5
373,7.0
374,11.0
375,2.6
376,3.95
377,6.81
378,4.05
379,7.65
380,4.87
381,14.74
382,13.4
383,7.7
384,8.18
385,7.24
386,4.68
387,5.0
388,6.0
389,13.5
390,5.25
391,1.75
392,7.25
393,5.5
394,6.5
395,7.75
396,9.0
397,4.08
398,6.42
399,9.0
400,5.21
401,6.95
402,3.9
403,4.29
404,5.2
405,6.25
406,6.01
407,13.0
408,6.45
410,6.95
411,5.0
412,16.44
413,8.95
414,3.5
415,5.5
416,7.5
417,5.81
418,5.13
419,6.5
420,8.06
421,7.25
423,4.26
424,4.85
425,3.51
426,4.9
427,14.95
428,5.1
430,10.25
432,8.25
433,6.75
434,1.9
435,8.9
436,8.23
437,5.54
438,4.99
439,8.15
440,7.19
441,3.72
442,5.15
443,5.54
444,7.0
445,4.1
446,6.85
448,18.0
449,1.8
450,7.65
452,4.91
453,11.75
454,9.99
455,7.15
457,17.79
458,4.04
459,3.58
460,5.81
461,6.3
462,5.6
463,15.51
464,5.25
465,5.01
466,6.17
467,3.65
468,9.95
469,7.75
471,7.7
472,7.25
473,8.4
474,7.99
475,13.8
476,6.96
477,5.76
478,7.21
479,9.95
480,5.94
481,9.27
483,4.26
484,11.0
485,9.05
486,8.48
487,4.0
488,5.75
489,4.0
490,4.0
491,8.95
492,10.99
493,4.25
494,4.45
495,3.2
496,7.75
497,3.27
498,6.61
499,7.75
500,6.82
501,5.77
502,5.0
503,6.79
504,14.45
505,7.76
506,6.9
507,3.8
508,5.6
509,11.25
510,5.15
511,7.99
512,12.0
513,8.35
514,7.5
515,12.75
517,5.27
518,4.26
519,6.25
520,4.47
521,5.52
522,7.95
523,4.59
524,7.0
525,4.05
526,5.36
529,8.95
530,13.75
531,8.8
532,10.3
533,4.75
534,11.5
536,9.6
537,5.32
538,6.51
540,7.15
541,7.4
542,17.0
543,4.55
544,16.99
545,5.24
546,17.65
547,5.25
548,16.0
549,3.6
550,16.5
551,4.1
553,8.5
554,12.6
555,8.5
556,4.93
557,5.05
558,8.25
559,6.82
560,4.86
561,18.0
562,5.4
563,5.3
564,4.07
565,4.53
566,10.1
567,16.75
568,16.45
569,6.25
570,6.35
571,5.5
573,10.25
574,5.5
575,9.5
576,9.77
577,17.05
578,6.67
579,4.94
580,6.36
581,7.92
582,6.95
583,3.6
585,8.27
586,3.82
587,6.5
588,5.12
589,4.63
590,15.0
591,5.25
592,4.6
593,6.27
594,5.11
596,6.0
597,12.85
599,7.5
600,1.3
601,18.0
602,9.85
603,10.45
604,2.0
605,7.1
606,5.86
607,15.0
608,5.84
609,4.09
611,7.38
612,3.8
613,6.56
614,4.83
615,5.1
616,7.5
617,1.85
618,1.8
621,12.45
622,3.0
623,13.5
624,14.5
625,5.46
626,5.33
627,1.6
628,3.32
629,8.09
630,2.0
631,3.47
632,1.5
633,13.59
634,5.43
635,1.5
636,4.75
637,1.1
638,3.5
639,1.35
640,1.7
643,14.49
644,3.0
645,3.77
646,6.38
647,15.75
648,6.74
649,6.13
650,11.45
651,5.95
652,4.5
653,5.99
654,6.25
655,7.5
657,4.45
658,1.2
659,3.2
660,13.5
661,1.65
662,5.25
663,8.88
664,5.75
665,7.07
666,5.93
667,2.5
668,6.85
669,6.99
670,12.0
671,4.25
672,3.8
673,5.74
674,5.73
676,6.85
677,4.25
678,2.65
679,6.0
680,6.5
681,4.3
682,5.3
683,10.75
684,7.5
685,6.15
686,7.46
687,3.7
688,6.67
689,6.34
691,5.79
692,5.1
693,6.34
694,5.27
695,9.0
696,15.0
699,6.5
700,9.65
702,4.0
703,3.0
705,9.82
706,6.74
707,8.1
708,7.92
709,5.13
710,3.6
711,5.79
712,5.5
713,3.83
714,6.05
715,9.85
716,9.35
717,6.75
718,1.35
719,13.45
722,7.34
723,7.01
724,5.35
725,7.89
726,5.48
727,3.5
728,4.77
729,15.25
730,5.15
731,5.62
732,3.45
733,4.75
734,6.7
735,9.5
736,7.0
738,15.0
739,3.7
741,5.5
742,5.81
743,5.82
744,1.85
745,5.31
746,5.58
747,1.55
748,5.08
750,5.42
751,5.01
752,8.75
753,13.7
754,4.85
755,3.0
756,3.5
759,6.3
761,4.17
762,6.31
763,4.65
764,5.44
765,7.04
767,3.59
768,5.2
769,3.35
770,7.66
771,3.5
772,4.8
773,8.22
774,1.9
775,6.0
776,9.95
777,1.2
778,5.75
780,2.6
781,5.39
782,10.06
784,7.96
785,6.36
786,14.0
787,6.15
788,5.0
789,7.18
790,4.36
791,2.8
792,7.8
793,9.0
794,13.0
795,3.0
797,6.7
798,9.0
799,6.0
800,1.1
801,6.05
802,5.59
803,2.68
804,7.8
805,8.64
806,2.4
807,3.41
808,2.4
809,5.13
810,6.61
811,8.0
812,5.2
813,6.0
814,3.0
816,12.95
817,6.3
818,4.75
819,2.75
820,5.75
821,3.38
822,6.04
824,3.27
825,6.21
826,2.4
827,6.21
828,1.4
829,7.08
830,4.43
831,1.8
832,7.0
833,18.0
834,14.5
835,5.2
836,4.7
837,6.0
838,18.5
839,4.6
841,6.49
842,6.57
843,4.2
844,6.29
845,3.22
846,6.2
847,4.35
848,9.6
849,3.17
850,5.74
851,7.8
852,8.0
853,9.25
854,7.75
856,5.0
857,3.5
858,11.25
859,8.3
860,14.75
861,8.34
862,6.74
864,5.47
865,4.13
867,7.09
869,5.28
870,6.91
871,11.45
872,8.55
873,8.0
874,5.5
875,4.0
876,1.3
877,3.75
878,6.5
880,13.0
881,6.09
882,6.78
883,3.75
884,4.49
885,5.52
886,9.25
888,4.26
889,6.07
891,8.45
892,16.5
893,2.4
894,6.8
895,5.0
896,2.5
897,7.2
899,3.57
900,7.98
901,8.58
903,6.08
904,6.98
905,12.5
906,7.51
907,5.35
908,10.35
909,3.28
910,7.25
911,7.4
912,8.75
913,4.8
915,1.9
916,2.1
917,4.8
918,3.8
919,12.8
920,7.7
921,5.99
922,8.0
923,2.32
924,5.25
925,9.5
926,6.35
927,4.0
928,9.66
929,7.81
931,3.85
932,6.0
933,6.0
934,3.65
935,7.49
936,3.5
938,7.0
939,2.3
940,8.75
941,9.25
942,7.0
943,9.3
944,8.98
946,4.49
947,14.85
948,3.35
949,8.25
950,9.35
954,15.4
955,12.9
957,10.25
958,6.0
959,4.35
960,8.08
961,4.35
962,2.78
963,12.61
964,8.5
965,2.7
966,10.0
967,8.45
968,5.08
969,3.4
971,12.25
972,12.75
974,8.0
976,1.5
977,6.38
978,3.15
979,13.28
980,4.9
981,10.5
982,4.3
983,17.24
984,2.7
985,5.17
986,4.0
987,6.27
988,5.1
989,2.5
990,16.0
991,5.75
992,4.1
993,9.25
994,4.75
995,1.85
996,2.25
999,5.14
1000,3.47
1001,1.0
1002,13.29
1003,3.0
1004,13.58
1005,15.0
1006,6.42
1007,9.11
1008,5.5
1009,4.2
1010,4.5
1011,15.65
1012,4.5
1013,4.6
1014,2.0
1015,6.79
1016,2.3
1017,12.0
1018,5.43
1019,10.35
1020,11.5
1021,4.79
1022,7.36
1023,5.3
1024,8.8
1026,7.89
1027,10.3
1028,6.0
1029,2.5
1030,3.9
1031,2.8
1032,9.2
1033,16.0
1034,6.5
1035,2.4
1037,13.5
1038,3.12
1039,5.82
1040,1.5
1041,6.18
1042,9.16
1043,3.0
1044,5.55
1045,5.0
1046,9.5
1047,6.08
1048,1.25
1049,17.0
1050,17.0
1051,2.25
1052,2.49
1053,1.5
1054,1.3
1056,3.75
1057,5.5
1058,5.9
1059,5.11
1060,2.6
1061,3.81
1062,8.19
1063,5.75
1064,4.28
1065,1.95
1066,6.96
1067,7.4
1068,8.25
1069,3.0
1070,5.0
1071,2.3
1073,2.6
1074,2.4
1075,15.0
1076,2.75
1078,10.13
1079,6.77
1080,9.0
1081,5.91
1082,4.28
1083,11.45
1084,6.97
1085,6.3
1086,4.29
1087,4.64
1088,7.5
1089,11.0
1090,7.0
1091,11.0
1092,16.95
1094,5.0
1095,2.0
1097,3.6
1098,7.33
1099,3.75
1101,6.57
1102,7.29
1103,8.0
1104,5.01
1105,6.5
1106,10.05
1107,11.93
1108,9.0
1110,9.25
1111,8.65
1112,15.85
1113,1.2
1114,18.0
1116,1.95
1117,7.99
1118,6.89
1119,10.68
1120,17.99
1121,3.83
1122,3.27
1123,1.95
1124,6.39
1125,5.75
1126,6.6
1127,3.25
1128,2.25
1129,10.75
1130,9.75
1131,3.0
1132,2.9
1133,2.6
1134,3.6
1135,15.0
1136,2.5
1137,17.74
1138,10.73
1139,3.49
1140,4.85
1141,5.91
1142,6.57
1143,2.1
1144,5.91
1145,5.1
1146,6.58
1147,5.14
1148,3.3
1150,9.5
1151,4.95
1152,1.1
1153,3.3
1154,7.75
1155,2.6
1156,3.0
1157,6.5
1158,3.75
1159,6.47
1160,2.45
1161,5.91
1162,5.75
1163,6.59
1164,7.2
1165,7.33
1166,8.67
1167,8.5
1168,9.2
1169,7.2
1170,1.2
1171,6.5
1172,3.5
1173,3.6
1174,16.0
1175,2.0
1176,16.0
1177,3.81
1178,4.0
1179,3.89
1180,4.45
1181,1.86
1182,6.42
1183,7.25
1184,6.16
1185,6.94
1186,4.0
1187,6.5
1188,3.0
1189,4.0
1190,6.49
1191,3.6
1192,3.6
1193,2.4
1194,8.0
1195,3.5
1196,4.15
1197,3.84
1198,9.0
1199,7.82
1200,4.63
1201,6.6
1202,6.63
1203,9.0
1204,3.16
1205,4.36
1206,2.8
1207,13.5
1208,9.75
1209,5.2
1210,17.65
1211,1.75
1212,4.0
1213,9.5
1214,15.95
1215,5.93
1216,10.57
1217,5.6
1218,12.64
1219,16.66
1220,7.89
1221,4.59
1222,12.75
1223,3.75
1225,9.85
1227,8.25
1228,16.25
1230,8.25
1231,11.75
1232,6.56
1233,6.12
1234,11.95
1235,4.36
1236,7.21
1237,17.5
1238,6.2
1240,6.43
1241,8.22
1242,8.38
1243,6.25
1244,11.25
1246,3.45
1247,9.99
1248,6.75
1249,8.75
1250,4.85
1251,7.75
1252,6.55
1253,5.25
1254,4.42
1255,4.76
1256,8.65
1257,3.38
1258,12.99
1259,4.92
1260,5.44
1261,13.65
1262,10.85
1263,14.88
1264,9.39
1265,8.88
1266,4.25
1267,8.18
1269,6.95
1270,4.75
1271,5.51
1272,3.52
1273,6.0
1274,4.79
1275,5.59
1276,15.19
1277,4.09
1278,5.39
1279,7.37
1280,5.26
1281,13.5
1283,5.85
1284,14.95
1285,10.9
1287,5.9
1289,15.45
1291,5.4
1292,4.91
1293,6.25
1294,4.36
1295,6.16
1296,6.75
1297,5.33
1299,6.26
1300,6.32
1301,17.75
1302,10.0
1304,10.85
1306,13.65
1307,15.5
1311,4.83
1312,10.07
1313,9.95
1314,5.73
1315,6.58
1316,12.45
1317,9.06
1318,11.95
1319,10.31
1320,4.13
1321,6.24
1322,4.65
1323,10.5
1324,7.25
1325,18.0
1326,6.5
1327,13.95
1328,8.65
1329,14.23
1331,4.75
1332,7.47
1333,15.9
1334,5.2
1335,5.3
1336,5.95
1337,3.12
1338,9.2
1339,4.03
1340,4.15
1341,8.5
1343,11.45
1344,12.75
1345,6.45
1346,14.4
1347,11.45
1348,12.25
1351,8.88
1352,5.07
1353,10.2
1354,4.72
1355,4.71
1356,8.21
1357,5.1
1358,5.99
1359,4.02
1360,10.02
1361,9.75
1362,7.95
1363,5.5
1364,12.98
1365,10.85
1366,3.35
1367,11.09
1368,3.5
1369,8.95
1370,17.75
1371,4.66
1372,9.24
1373,7.75
1374,3.78
1375,5.55
1376,8.99
1377,3.7
1378,8.1
1379,7.74
1380,5.3
1381,9.45
1382,8.8
1383,5.25
1384,16.05
1385,11.7
1386,6.5
1387,8.75
1388,5.0
1391,3.95
1392,4.21
1393,13.0
1394,4.9
1395,5.2
1396,14.5
1397,6.16
1398,8.25
1399,8.38
1400,6.18
1401,8.75
1402,3.9
1403,13.49
1404,5.0
1407,7.95
1408,7.75
1409,7.45
1410,11.25
1411,10.3
1412,5.82
1413,6.15
1414,5.6
1415,7.1
1416,5.35
1417,4.46
1418,10.18
1419,8.4
1420,6.54
1421,11.25
1422,5.85
1423,12.5
1424,4.75
1425,3.1
1427,10.85
1428,4.75
1429,4.06
1430,10.84
1431,4.45
1432,13.82
1433,6.01
1434,5.94
1435,9.6
1436,5.75
1437,7.29
1439,9.62
1440,4.5
1441,8.49
1442,5.35
1443,4.35
1444,6.85
1446,7.3
1447,11.45
1448,4.1
1449,10.75
1450,8.49
1451,7.49
1452,8.72
1453,3.06
1454,9.95
1455,3.48
1457,17.25
1458,5.0
1459,4.17
1460,3.99
1461,5.41
1462,5.68
1463,7.3
1464,4.46
1465,6.38
1467,6.94
1469,4.93
1470,6.37
1471,3.65
1472,8.25
1473,6.45
1474,5.85
1475,8.35
1476,16.49
1477,3.3
1478,4.25
1479,7.5
1480,6.75
1481,11.5
1482,4.15
1483,7.5
1484,3.98
1485,5.5
1487,4.53
1488,2.85
1490,8.21
1491,8.65
1492,7.92
1494,6.1
1495,5.11
1496,7.1
1497,12.25
1498,5.7
1500,3.75
1501,2.75
1502,4.29
1503,6.75
1504,7.93
1505,11.0
1506,14.25
1507,10.36
1508,8.0
1509,14.0
1510,10.88
1511,5.9
1512,5.68
1513,4.0
1515,4.22
1516,4.5
1517,6.5
1518,5.75
1520,1.5
1521,7.02
1522,4.48
1523,6.5
1524,8.01
1525,7.72
1526,5.0
1527,11.03
1528,14.9
1529,6.27
1530,8.35
1532,3.5
1534,9.25
1535,8.5
1536,8.5
1541,7.07
1542,6.8
1545,4.01
1547,5.05
1548,15.99
1549,8.3
1550,10.36
1551,15.95
1552,1.0
1553,8.25
1555,5.5
1556,2.99
1557,7.5
1558,5.5
1559,3.75
1560,2.65
1561,8.08
1562,5.42
1563,5.29
1564,6.84
1565,8.13
1566,6.5
1567,18.02
1568,7.45
1569,6.19
1570,6.5
1571,5.0
1572,11.45
1573,16.0
1574,5.4
1575,6.75
1576,5.1
1577,8.3
1579,5.1
1580,12.0
1581,7.66
1582,4.49
1583,7.5
1584,3.17
1585,15.6
1587,5.22
1588,5.0
1589,6.27
1590,6.87
1591,2.05
1592,5.25
1593,6.2
1594,8.25
1595,5.3
1598,6.5
1599,6.5
1600,5.7
1601,4.58
1602,5.77
1603,9.0
1604,6.49
1605,5.49
1606,6.5
1607,5.14
1609,4.56
1610,5.02
1611,6.85
1613,5.8
1614,5.3
1615,17.0
1618,4.2
1619,7.75
1620,3.95
1621,5.33
1622,5.47
1623,3.95
1624,9.08
1625,5.21
1627,5.07
1628,16.25
1629,5.28
1630,4.35
1631,14.9
1632,17.9
1633,6.25
1634,6.9
1635,13.5
1636,15.5
1637,7.9
1638,2.7
1639,3.65
1640,4.25
1641,5.28
1642,5.11
1643,6.25
1644,3.27
1645,5.05
1646,6.4
1647,4.49
1648,7.25
1649,4.95
1650,2.71
1651,9.4
1652,7.99
1653,18.5
1656,7.0
1657,5.85
1661,14.45
1662,4.51
1663,11.0
1664,6.31
1665,4.11
1666,5.0
1667,4.88
1668,4.6
1669,5.14
1670,5.08
1671,8.65
1672,8.55
1674,9.25
1675,5.1
1677,3.5
1678,6.3
1679,4.1
1680,7.25
1681,4.66
1684,5.03
1685,3.09
1686,6.4
1687,8.41
1689,2.88
1690,9.4
1691,8.45
1694,4.0
1695,4.25
1696,2.0
1697,7.5
1698,16.9
1699,3.1
1701,4.37
1702,10.26
1703,5.6
1704,5.32
1705,3.23
1706,7.7
1707,4.92
1708,6.5
1709,6.33
1710,9.82
1711,13.5
1712,9.0
1713,3.7
1714,6.2
1715,4.8
1716,4.3
1717,5.0
1719,7.9
1721,7.76
1722,7.02
1723,2.9
1724,3.83
1725,4.11
1726,6.15
1727,5.15
1729,5.07
1730,3.22
1731,5.75
1732,8.5
1734,18.0
1735,4.25
1736,6.5
1737,7.5
1738,4.5
1739,7.2
1740,4.25
1741,2.35
1742,4.37
1743,4.1
1744,7.31
1745,5.02
1748,2.22
1749,14.97
1750,5.29
1751,2.1
1753,9.75
1754,14.5
1756,5.95
1757,7.67
1758,8.25
1760,3.35
1761,5.58
1762,6.49
1764,11.1
1765,6.72
1766,6.75
1767,7.95
1769,5.87
1770,8.07
1771,2.6
1772,7.6
1773,10.7
1774,6.5
1775,5.2
1776,3.5
1777,8.75
1779,14.5
1780,17.25
1781,3.02
1782,10.6
1783,6.0
1784,7.22
1785,4.63
1786,17.7
1787,6.27
1788,5.75
1789,6.58
1790,4.77
1791,5.0
1792,6.5
1793,4.55
1794,4.75
1796,9.75
1797,7.5
1798,4.85
1799,4.6
1800,12.65
1801,5.67
1802,6.19
1803,6.3
1804,8.35
1805,17.03
1806,6.35
1807,6.35
1808,3.0
1809,6.57
1810,3.9
1811,6.2
1812,4.65
1813,5.9
1814,9.5
1817,4.9
1818,6.2
1820,6.8
1821,5.94
1822,5.36
1823,3.65
1824,5.44
1825,5.66
1826,4.2
1827,7.48
1828,8.8
1829,6.16
1830,15.54
1835,7.25
1836,2.75
1838,6.35
1839,18.0
1841,5.1
1842,8.17
1843,8.5
1844,5.39
1845,5.38
1846,2.35
1847,6.66
1848,2.1
1849,4.13
1850,5.05
1851,3.0
1852,8.9
1853,1.4
1854,8.1
1856,7.25
1857,17.55
1858,10.5
1859,10.0
1860,8.5
1861,5.08
1862,8.51
1863,6.25
1864,5.6
1865,3.35
1866,4.45
1867,8.3
1868,17.9
1869,6.3
1870,5.27
1871,13.2
1872,8.6
1873,7.66
1874,6.1
1875,4.75
1876,3.9
1877,6.8
1879,8.55
1880,12.0
1881,17.86
1882,6.14
1883,3.4
1884,5.58
1885,6.5
1886,9.5
1887,7.1
1888,17.0
1889,6.84
1890,3.09
1891,5.0
1893,6.5
1894,3.6
1896,4.5
1897,6.6
1898,9.5
1899,5.0
1901,3.61
1902,5.49
1903,2.1
1904,7.04
1905,7.29
1906,7.0
1907,6.19
1908,7.25
1909,6.21
1910,6.85
1911,9.5
1912,18.5
1913,18.5
1914,4.1
1915,5.7
1916,5.5
1917,6.0
1918,2.26
1919,13.5
1921,3.65
1922,7.07
1923,8.0
1924,5.2
1925,6.02
1926,10.5
1927,5.46
1929,11.88
1930,6.21
1931,5.15
1932,6.0
1933,7.75
1934,6.45
1935,6.5
1936,7.0
1937,4.37
1938,4.6
1939,2.5
1940,5.2
1941,5.66
1942,4.03
1944,5.17
1945,4.49
1946,4.55
1947,6.43
1948,7.05
1949,8.89
1950,6.21
1951,14.0
1952,6.3
1953,5.3
1954,6.78
1955,12.0
1956,5.24
1958,6.75
1959,4.7
1960,5.3
1961,4.63
1962,7.27
1963,5.15
1964,5.47
1965,3.07
1967,5.29
1969,6.24
1970,18.16
1971,8.5
1972,7.45
1973,16.9
1974,11.5
1976,3.1
1977,4.95
1978,8.0
1979,8.25
1981,7.74
1982,5.25
1983,6.0
1984,5.82
1985,5.51
1986,5.25
1987,5.83
1988,8.25
1989,6.7
1990,3.96
1992,5.9
1993,4.0
1994,7.0
1995,7.0
1996,11.5
1997,5.95
1998,4.6
1999,3.95
2000,4.35
2001,6.66
2002,3.8
2003,7.0
2004,6.92
2005,5.9
2006,1.25
2007,5.2
2008,6.95
2009,6.07
2010,6.88
2011,6.6
2012,2.5
2013,12.45
2014,5.75
2015,8.45
2016,4.05
2017,3.0
2018,9.25
2019,7.5
2020,13.0
2021,17.14
2022,9.28
2023,9.5
2024,7.02
2025,8.45
2027,5.13
2028,5.7
2029,8.51
2032,3.7
2034,4.6
2035,4.6
2036,3.65
2038,7.9
2039,4.5
2040,3.7
2041,6.65
2042,10.36
2043,8.75
2044,5.39
2045,8.47
2046,7.55
2047,4.96
2048,3.75
2049,10.09
2050,3.39
2055,5.19
2057,14.5
2058,8.25
2059,18.5
2060,1.65
2063,16.45
2064,7.19
2065,6.33
2066,7.99
2067,8.61
2068,6.1
2069,7.49
2070,6.48
2071,2.5
2072,2.65
2073,4.9
2074,15.9
2075,1.14
2076,4.75
2077,9.73
2078,6.3
2080,1.5
2081,8.27
2082,7.15
2084,5.69
2085,4.9
2086,4.85
2087,4.52
2088,4.85
2089,6.22
2090,5.54
2091,3.75
2092,9.67
2093,4.75
2094,3.2
2095,6.95
2096,3.5
2097,2.5
2098,12.5
2099,2.6
2100,2.85
2101,6.16
2102,5.94
2103,3.2
2104,6.47
2105,14.0
2106,6.0
2107,5.05
2108,9.0
2109,7.3
2110,6.48
2111,4.35
2112,9.0
2113,7.4
2114,3.2
2115,2.95
2116,7.9
2117,5.3
2118,3.15
2119,8.5
2120,5.7
2121,5.76
2122,8.42
2123,6.75
2124,5.18
2125,3.97
2126,7.75
2127,11.66
2128,4.5
2129,7.32
2130,5.77
2131,6.0
2132,5.1
2133,9.0
2134,15.0
2135,6.25
2136,12.75
2137,3.95
2138,3.2
2139,4.5
2140,10.85
2141,4.0
2142,4.85
2143,9.85
2144,6.81
2145,6.21
2146,4.1
2147,5.05
2148,12.9
2149,7.08
2150,17.34
2151,6.5
2152,7.6
2153,7.85
2154,7.45
2156,2.7
2157,4.5
2158,4.2
2160,5.5
2161,4.21
2162,3.03
2163,7.8
2164,6.43
2165,4.74
2167,6.44
2168,12.0
2169,5.19
2170,8.11
2171,7.25
2172,7.25
2173,7.5
2174,9.5
2175,9.25
2176,5.25
2179,5.5
2180,5.0
2181,12.09
2182,6.56
2183,2.95
2184,4.31
2185,8.95
2186,15.0
2187,3.92
2188,4.7
2189,7.26
2190,10.23
2191,5.0
2193,15.9
2195,1.4
2197,14.25
2198,4.1
2199,12.5
2200,1.25
2201,9.03
2202,4.88
2203,6.6
2204,6.04
2205,4.17
2206,4.05
2207,4.44
2208,2.2
2209,6.15
2210,3.96
2211,6.5
2212,14.0
2213,2.1
2215,4.0
2216,3.5
2217,4.3
2218,5.15
2220,1.2
2221,4.92
2222,7.31
2223,3.45
2224,5.23
2225,3.02
2227,5.0
2228,13.5
2229,4.72
2230,5.64
2231,4.1
2232,4.7
2233,6.3
2234,3.75
2235,5.2
2236,10.0
2237,15.97
2238,8.0
2239,5.75
2241,14.22
2242,5.62
2243,6.9
2244,5.73
2245,5.58
2246,5.8
2247,6.84
2248,2.9
2249,7.62
2250,6.63
2251,8.7
2252,3.2
2253,7.5
2255,9.5
2256,10.25
2257,2.45
2258,3.95
2259,10.8
2260,2.0
2261,6.08
2262,6.98
2263,3.35
2264,5.02
2265,10.27
2266,9.0
2267,7.69
2268,5.95
2269,3.75
2270,5.85
2271,4.5
2273,9.95
2274,11.0
2275,3.5
2276,7.3
2277,10.0
2278,17.91
2279,13.5
2280,5.1
2281,8.6
2282,4.85
2283,17.0
2284,6.36
2285,5.71
2286,8.25
2287,3.93
2288,11.0
2289,4.2
2290,7.04
2291,9.5
2293,7.7
2294,12.0
2295,1.2
2296,7.5
2299,4.1
2300,10.5
2301,6.22
2302,7.3
2303,9.5
2304,3.57
2305,6.21
2306,11.25
2307,16.39
2308,12.15
2309,6.35
2310,14.66
2311,5.0
2312,4.25
2313,5.0
2314,5.5
2316,4.9
2317,3.0
2318,7.7
2319,3.9
2320,2.1
2321,11.05
2322,7.25
2323,5.8
2324,6.59
2325,3.56
2326,4.8
2327,6.89
2328,6.25
2329,8.03
2330,5.16
2331,9.5
2332,8.25
2333,3.75
2334,1.8
2336,9.0
2337,2.05
2338,7.1
2339,6.3
2340,1.55
2341,7.99
2342,6.3
2343,4.15
2344,4.17
2345,3.34
2346,5.9
2347,10.29
2348,2.5
2349,7.11
2350,9.5
2352,1.4
2353,7.6
2355,3.0
2356,10.8
2357,6.5
2358,6.8
2360,5.15
2361,5.2
2362,3.44
2364,9.23
2365,6.62
2366,7.5
2367,6.37
2368,8.0
2369,4.54
2370,11.84
2371,7.6
2372,11.0
2373,5.45
2374,4.0
2375,2.55
2376,2.5
2377,7.5
2378,7.0
2379,3.65
2380,7.5
2381,2.54
2382,9.25
2383,7.5
2384,3.26
2385,4.32
2386,9.5
2387,4.79
2388,2.3
2389,3.01
2390,4.43
2391,4.4
2392,6.6
2393,1.65
2394,10.9
2395,12.25
2396,6.2
2397,3.95
2398,5.8
2399,3.1
2400,14.5
2401,5.25
2402,4.1
2403,8.65
2404,5.81
2405,5.18
2406,7.9
2407,5.47
2408,3.0
2409,4.07
2410,6.92
2411,4.55
2412,2.95
2413,6.8
2414,9.85
2415,3.4
2416,1.0
2417,3.65
2418,10.5
2419,1.83
2420,6.6
2421,4.03
2422,5.63
2424,4.36
2425,6.81
2426,5.9
2427,6.32
2428,8.9
2429,7.26
2430,5.51
2431,8.5
2432,3.82
2433,7.65
2434,1.95
2435,3.9
2436,4.8
2437,4.55
2438,17.5
2439,5.2
2441,7.82
2442,6.11
2443,17.0
2444,5.15
2445,6.79
2446,4.1
2447,7.98
2448,9.45
2449,8.85
2450,5.74
2451,7.1
2452,6.2
2453,2.25
2454,5.0
2455,11.5
2456,2.85
2457,4.45
2458,5.5
2459,2.0
2460,13.0
2461,6.78
2462,3.1
2463,18.25
2464,4.31
2465,7.28
2466,2.25
2467,8.61
2468,7.8
2469,14.78
2470,6.95
2471,8.0
2473,4.2
2474,2.9
2476,1.0
2477,6.5
2478,5.0
2479,7.9
2480,9.0
2481,5.68
2482,4.61
2483,4.0
2484,9.83
2485,7.39
2486,3.4
2487,3.66
2488,3.0
2489,3.68
2490,3.46
2491,4.5
2492,4.5
2493,5.9
2494,1.85
2496,2.0
2497,3.0
2498,1.5
2500,1.8
2501,8.43
2502,3.0
2503,5.6
2504,7.44
2505,4.19
2507,13.69
2509,3.8
2510,6.61
2512,3.2
2513,2.0
2514,1.45
2515,3.25
2516,2.0
2517,10.25
2519,13.0
2520,2.32
2521,16.39
2522,5.36
2523,2.3
2524,3.57
2525,7.86
2526,4.1
2527,6.07
2528,11.5
2529,6.84
2530,4.51
2531,9.85
2532,8.0
2533,4.5
2534,7.85
2535,4.15
2536,1.5
2537,15.0
2538,1.7
2539,10.0
2540,5.7
2541,6.38
2542,6.74
2543,2.0
2544,4.33
2545,5.18
2546,1.75
2547,8.4
2548,2.95
2549,7.4
2550,5.2
2551,4.7
2552,2.0
2553,3.95
2554,3.5
2555,5.5
2556,4.0
2557,6.4
2558,1.35
2559,1.7
2560,1.95
2561,3.12
2562,3.83
2563,3.1
2564,5.9
2565,7.58
2566,4.8
2567,7.94
2569,10.69
2570,3.27
2572,4.25
2573,4.35
2574,3.3
2575,8.0
2576,7.5
2577,4.95
2578,4.75
2579,7.0
2581,7.85
2582,7.95
2583,4.15
2584,6.6
2585,5.43
2586,6.5
2587,11.29
2588,2.7
2589,5.57
2590,4.41
2591,3.4
2592,10.0
2593,2.95
2594,1.65
2595,1.49
2596,4.75
2597,1.35
2598,4.3
2599,3.75
2600,1.45
2601,3.98
2602,10.76
2603,4.3
2604,4.0
2605,2.87
2606,4.95
2607,2.98
2608,4.25
2609,4.31
2610,5.77
2611,6.0
2612,2.25
2613,6.75
2614,14.75
2615,1.45
2616,1.0
2618,7.5
2619,1.5
2620,1.95
2621,3.64
2622,7.29
2623,8.4
2624,6.8
2625,4.14
2626,3.8
2627,4.28
2628,4.65
2629,10.34
2630,7.72
2632,4.5
2633,2.1
2634,4.1
2635,3.25
2636,4.5
2637,2.8
2638,4.1
2639,5.2
2640,5.6
2641,7.02
2642,6.56
2643,5.25
2644,3.57
2645,5.12
2646,2.5
2647,7.0
2648,5.35
2649,6.41
2650,3.39
2651,1.7
2653,3.1
2654,7.25
2655,1.15
2656,6.45
2657,4.4
2658,16.5
2659,9.75
2660,5.35
2661,4.33
2662,10.45
2663,5.5
2664,4.11
2665,5.18
2666,5.25
2667,6.47
2668,9.25
2669,6.45
2670,2.53
2671,10.25
2672,11.75
2673,6.0
2674,4.05
2675,10.4
2676,5.85
2677,11.75
2678,3.85
2679,17.5
2680,3.1
2681,9.16
2682,8.0
2683,4.75
2684,6.99
2685,7.14
2686,7.5
2687,6.26
2688,4.65
2689,12.68
2690,8.05
2691,4.75
2692,3.75
2693,5.1
2695,6.6
2696,4.95
2697,7.9
2698,6.9
2699,14.5
2700,5.7
2701,8.27
2702,3.45
2703,6.5
2704,2.44
2705,8.15
2706,11.0
2707,11.5
2708,2.1
2709,3.91
2710,15.29
2712,2.5
2713,5.49
2714,8.6
2715,11.45
2716,7.9
2717,16.5
2718,4.75
2721,8.29
2722,6.48
2723,3.75
2724,9.64
2725,2.88
2726,3.4
2727,9.06
2729,6.86
2730,3.35
2731,13.5
2732,18.0
2735,9.0
2736,9.0
2737,8.9
2738,2.8
2739,2.65
2740,12.0
2741,5.74
2742,7.11
2743,9.6
2744,2.73
2745,5.93
2746,17.25
2747,8.45
2748,3.0
2749,7.35
2750,4.07
2752,4.6
2753,3.6
2754,16.5
2755,3.6
2756,7.0
2757,2.1
2758,18.25
2759,4.85
2761,5.13
2762,5.2
2764,3.05
2765,2.38
2766,5.4
2767,3.62
2768,4.6
2769,4.51
2770,4.42
2771,14.8
2772,4.3
2778,9.5
2779,17.5
2780,3.65
2781,2.87
2782,4.37
2783,3.1
2784,2.87
2785,12.02
2786,9.75
2787,5.15
2788,6.65
2789,2.79
2790,7.66
2791,3.8
2792,5.2
2793,2.6
2794,14.75
2797,4.5
2799,8.4
2800,7.1
2801,4.59
2802,7.69
2803,9.0
2804,12.77
2805,9.69
2807,9.42
2808,6.9
2809,12.56
2810,2.88
2812,9.5
2813,2.22
2814,2.35
2815,8.9
2816,6.6
2818,3.8
2819,6.75
2821,9.71
2822,3.52
2824,8.66
2825,5.08
2826,2.6
2827,7.96
2829,4.34
2830,7.82
2834,10.9
2835,3.5
2837,9.95
2840,16.21
2841,4.71
2842,16.9
2843,3.96
2844,3.01
2845,14.9
2846,3.93
2849,5.55
2851,9.9
2852,13.9
2853,8.5
2857,10.5
2858,9.72
2859,7.25
2860,3.16
2861,8.6
2862,8.9
2863,2.51
2864,4.33
2866,7.15
2867,3.45
2868,8.55
2869,3.65
2870,2.2
2872,8.9
2873,13.5
2874,12.2
2876,16.5
2877,2.75
2878,10.5
2879,2.95
2880,4.61
2881,7.19
2882,5.5
2883,2.87
2884,10.35
2885,8.75
2886,4.45
2887,11.9
2888,5.4
2889,5.84
2890,17.7
2891,4.3
2892,9.9
2894,1.2
2895,6.2
2896,8.9
2897,8.01
2901,7.62
2903,5.23
2904,7.65
2905,8.95
2906,7.08
2907,4.0
2908,7.25
2909,6.63
2910,3.9
2911,7.84
2913,13.5
2918,9.0
2920,3.5
2921,8.39
2922,1.2
2923,7.5
2924,12.84
2925,8.5
2926,8.7
2927,6.34
2929,12.5
2930,13.25
2932,4.21
2933,13.0
2934,10.0
2935,6.0
2936,4.95
2938,6.27
2939,3.4
2940,1.9
2941,3.0
2942,5.75
2943,7.43
2944,6.45
2945,17.0
2946,3.59
2947,1.2
2948,11.21
2949,13.75
2950,5.25
2951,3.75
2953,16.99
2954,8.95
2955,4.1
2956,12.5
2957,5.25
2958,6.25
2959,8.5
2960,3.4
2961,17.5
2962,12.95
2963,6.99
2964,3.99
2965,3.87
2966,14.75
2967,4.85
2968,2.95
2969,4.25
2971,2.5
2972,3.5
2973,6.45
2974,4.6
2975,4.58
2976,18.0
2977,5.8
2979,5.17
2980,7.5
2981,2.13
2982,14.5
2983,11.0
2984,6.11
2985,7.45
2986,18.51
2987,4.15
2988,10.75
2989,5.5
2990,5.4
2991,5.4
2992,5.75
2994,2.86
2995,8.9
2997,12.8
2998,3.56
3001,1.15
3002,15.0
3003,11.9
3004,2.95
3005,10.0
3006,2.13
3007,1.35
3008,5.95
3009,3.0
3010,4.25
3011,3.3
3012,4.78
3013,4.5
3014,9.0
3015,6.8
3016,1.35
3017,3.85
3018,2.4
3019,6.26
3020,13.5
3021,2.4
3022,3.45
3023,5.05
3024,7.49
3025,1.4
3026,15.0
3028,3.25
3029,4.31
3030,7.8
3031,1.7
3032,5.3
3033,9.49
3034,4.79
3035,5.62
3036,6.0
3037,7.35
3038,4.2
3039,5.49
3040,3.22
3041,1.8
3042,4.72
3043,7.15
3044,2.2
3045,9.0
3047,4.99
3048,8.57
3049,4.45
3051,5.01
3052,4.0
3053,4.4
3054,6.31
3055,5.45
3056,5.49
3057,2.43
3058,8.9
3059,5.46
3062,10.9
3063,5.75
3065,8.0
3066,16.51
3067,8.2
3068,5.45
3069,6.25
3070,8.0
3071,5.99
3073,7.25
3074,2.16
3075,5.25
3077,4.8
3078,2.76
3081,3.35
3083,11.5
3084,9.85
3085,15.5
3086,5.67
3088,8.8
3089,7.38
3091,4.69
3092,9.35
3093,12.9
3094,7.65
3095,7.65
3096,5.24
3097,3.8
3098,6.21
3099,9.9
3100,2.3
3101,5.49
3102,4.75
3103,7.75
3104,6.49
3105,2.9
3106,5.51
3108,2.95
3109,4.85
3110,1.95
3112,17.75
3113,8.25
3114,16.5
3116,10.16
3117,11.95
3118,7.36
3120,7.66
3121,8.59
3124,7.04
3125,17.51
3126,14.43
3127,7.65
3128,9.5
3129,6.75
3131,14.0
3133,10.95
3134,8.5
3135,14.85
3136,6.21
3137,11.2
3138,7.27
3140,17.25
3141,6.22
3142,13.1
3144,6.25
3145,7.25
3146,5.32
3149,7.1
3150,13.9
3152,6.9
3154,3.5
3155,11.45
3156,5.18
3157,2.61
3158,8.66
3161,9.44
3164,5.18
3166,5.74
3168,4.49
3176,7.19
3178,5.07
3181,6.65
3182,15.0
3184,10.52
3186,9.3
3187,8.5
3189,13.0
3190,6.25
3193,14.99
3195,7.35
3196,7.26
3197,16.5
3198,6.88
3200,3.65
3201,6.27
3202,17.99
3203,3.35
3204,5.28
3206,5.11
3210,8.49
3212,5.0
3213,5.25
3214,7.75
3216,4.86
3217,4.5
3218,9.89
3221,5.26
3222,1.7
3224,4.34
3225,3.0
3226,11.03
3227,6.45
3230,11.0
3231,15.7
3232,1.3
3233,3.0
3236,4.22
3237,15.0
3238,4.95
3239,8.15
3240,2.15
3241,5.02
3242,8.0
3244,5.65
3245,2.8
3246,5.24
3247,16.5
3248,4.5
3249,3.15
3250,4.5
3252,11.2
3253,7.5
3254,6.35
3255,11.1
3256,4.5
3257,2.6
3258,3.46
3260,14.75
3261,4.79
3262,3.0
3264,7.4
3265,4.5
3266,4.03
3267,7.5
3268,8.0
3269,14.25
3270,14.25
3271,6.6
3272,1.5
3273,11.0
3274,2.2
3276,6.76
3277,11.25
3278,6.86
3280,2.6
3281,7.98
3282,2.75
3284,2.5
3285,14.5
3286,7.87
3288,4.85
3289,17.15
3291,12.0
3292,4.25
3293,7.0
3296,7.11
3298,4.23
3299,15.0
3301,1.4
3302,7.15
3303,10.75
3304,8.37
3305,16.5
3306,8.94
3308,9.5
3309,6.5
3311,5.95
3312,4.99
3313,1.5
3316,4.59
3318,3.32
3320,15.5
3321,4.27
3324,1.83
3325,5.71
3326,8.06
3327,17.0
3328,5.25
3329,2.5
3330,1.2
3333,2.65
3336,5.19
3337,2.49
3338,5.58
3340,10.25
3341,6.98
3342,2.75
3344,5.24
3345,6.75
3346,5.46
3348,7.75
3349,2.45
3350,10.0
3352,13.0
3354,13.0
3355,5.95
3356,5.92
3357,5.2
3358,3.52
3360,8.9
3361,2.58
3362,7.75
3363,10.95
3364,4.75
3365,8.0
3366,7.38
3368,18.5
3369,7.75
3370,15.5
3372,5.75
3373,6.75
3374,16.5
3376,5.68
3378,5.48
3380,11.5
3381,5.03
3384,3.79
3385,9.25
3386,1.97
3388,17.75
3389,16.5
3390,5.4
3391,18.4
3392,8.85
3393,18.0
3394,6.0
3395,9.65
3396,2.08
3398,5.28
3401,5.55
3404,6.22
3406,7.33
3407,10.75
3411,6.99
3413,2.5
3414,2.4
3416,5.78
3417,2.65
3418,3.06
3419,5.49
3420,4.5
3421,5.36
3422,2.35
3424,3.04
3425,2.95
3426,12.96
3427,10.75
3428,2.95
3429,4.25
3430,3.5
3432,2.75
3433,4.15
3434,4.65
3435,9.75
3436,5.45
3437,5.1
3438,14.03
3439,7.49
3440,4.35
3441,3.46
3442,2.05
3443,9.7
3444,2.57
3445,2.75
3446,2.29
3447,12.5
3449,17.25
3450,3.49
3453,6.99
3454,12.75
3455,5.65
3456,7.22
3457,16.85
3458,8.04
3461,7.42
3462,9.1
3464,3.15
3465,2.31
3466,5.57
3468,2.31
3469,3.69
3472,11.5
3473,7.0
3474,13.0
3476,8.05
3477,7.35
3478,4.41
3481,3.97
3482,4.55
3484,7.13
3485,7.37
3486,5.4
3487,17.49
3489,6.27
3490,15.65
3492,7.72
3493,5.87
3494,4.1
3495,6.99
3496,6.42
3498,3.66
3500,4.47
3501,2.62
3502,2.65
3504,7.61
3505,4.3
3506,4.01
3508,3.8
3509,8.25
3510,6.35
3512,3.4
3513,9.5
3514,18.25
3516,3.92
3517,12.05
3518,7.43
3520,4.85
3521,8.79
3522,10.5
3524,4.62
3526,5.09
3527,5.3
3528,7.0
3529,3.1
3530,7.0
3531,4.4
3532,4.0
3534,15.75
3536,3.6
3537,3.6
3538,3.44
3540,6.0
3541,3.4
3542,6.75
3544,2.94
3545,3.75
3546,8.01
3548,8.0
3549,3.13
3550,5.1
3551,11.25
3552,4.55
3553,3.0
3554,7.25
3556,5.15
3558,4.18
3560,2.0
3561,6.85
3563,2.89
3564,6.1
3565,14.0
3566,3.23
3568,5.25
3569,7.25
3570,4.25
3571,3.5
3572,3.25
3573,6.75
3574,4.15
3576,5.89
3577,6.5
3578,10.27
3579,3.75
3580,13.0
3581,9.03
3582,3.5
3584,9.04
3585,9.5
3586,9.49
3589,10.99
3590,15.11
3595,4.22
3596,6.78
3597,3.0
3598,4.96
3599,4.63
3600,4.55
3601,7.51
3602,7.75
3603,6.78
3604,5.5
3605,3.9
3606,3.95
3607,2.95
3608,5.99
3609,17.49
3610,3.99
3611,4.49
3612,3.0
3613,4.49
3614,2.95
3615,6.49
3616,2.74
3617,3.75
3618,8.01
3619,5.91
3620,4.34
3621,6.99
3622,2.71
3623,5.55
3624,8.25
3625,5.99
3626,4.81
3627,3.85
3628,6.99
3629,3.31
3630,1.78
3631,9.25
3632,2.9
3633,5.7
3634,4.92
3635,5.3
3636,4.65
3637,3.51
3638,5.15
3639,2.25
3640,6.2
3641,3.49
3642,13.85
3643,2.9
3644,2.85
3645,3.3
3646,5.49
3647,3.65
3648,6.5
3649,4.49
3650,5.99
3652,4.99
3654,13.58
3655,5.6
3656,2.75
3657,5.86
3658,4.63
3659,6.99
3660,5.93
3661,10.5
3662,5.67
3663,17.5
3664,16.5
3665,9.3
3666,7.49
3667,2.49
3668,8.99
3669,2.25
3670,3.99
3672,2.25
3673,1.37
3674,3.89
3675,5.48
3676,16.95
3677,8.74
3678,5.96
3679,1.79
3680,5.01
3681,5.75
3682,4.95
3683,5.0
3684,15.0
3685,7.25
3686,10.3
3687,6.5
3688,4.5
3689,6.89
3690,12.5
3691,3.1
3692,12.0
3693,12.8
3694,4.52
3695,4.04
3697,4.73
3698,2.52
3699,9.5
3700,6.33
3701,8.75
3702,4.13
3703,11.0
3704,12.5
3706,6.5
3707,3.0
3709,7.13
3710,5.15
3711,6.0
3713,6.9
3714,5.13
3715,8.5
3716,8.35
3717,4.39
3718,7.2
3719,9.42
3720,5.38
3721,1.0
3722,4.91
3723,9.25
3724,10.6
3725,9.0
3726,6.7
3727,5.0
3728,12.5
3729,1.1
3730,1.5
3732,2.4
3733,4.6
3734,4.11
3735,4.81
3736,6.7
3737,7.24
3738,5.46
3739,7.99
3740,2.78
3741,15.75
3742,2.61
3743,4.15
3744,3.99
3745,2.2
3746,3.3
3747,4.35
3748,17.5
3749,14.75
3750,4.5
3752,3.8
3754,6.75
3755,5.27
3757,3.8
3758,6.89
3760,4.74
3762,5.77
3764,8.95
3765,2.5
3766,10.25
3767,9.0
3768,6.5
3769,11.75
3770,1.86
3771,2.5
3772,4.25
3773,4.25
3774,5.23
3775,2.4
3776,7.54
3777,12.85
3778,13.17
3779,14.65
3780,4.91
3781,5.5
3782,6.18
3783,7.75
3785,7.75
3786,4.0
3788,2.0
3789,2.0
3790,5.1
3791,8.7
3792,11.0
3793,4.45
3794,5.47
3795,6.26
3796,12.0
3797,4.45
3798,4.58
3799,2.05
3800,5.07
3801,2.4
3802,7.13
3803,8.9
3804,1.35
3805,3.9
3806,5.75
3807,4.0
3808,3.5
3810,8.25
3811,16.5
3812,9.5
3813,5.0
3814,6.08
3815,4.23
3816,8.0
3817,9.22
3818,4.33
3819,5.25
3820,5.26
3821,6.55
3822,4.59
3823,14.5
3824,8.65
3825,5.5
3826,11.25
3827,15.0
3828,2.61
3829,9.5
3830,4.85
3831,5.1
3833,6.64
3834,2.84
3835,5.2
3836,5.9
3837,6.55
3838,6.99
3839,3.95
3840,2.17
3841,9.4
3842,8.87
3843,4.8
3844,4.25
3845,4.95
3846,5.5
3847,1.37
3848,5.65
3849,12.9
3850,3.55
3851,3.86
3852,5.14
3853,3.25
3854,5.08
3855,5.67
3856,6.7
3857,7.6
3859,3.98
3860,4.85
3861,1.35
3862,3.0
3863,5.25
3864,3.75
3865,1.3
3866,5.95
3867,2.0
3868,5.31
3869,1.5
3870,16.25
3871,5.03
3872,8.62
3873,8.8
3874,2.72
3875,6.27
3877,4.28
3878,1.75
3879,4.14
3880,5.1
3881,5.5
3883,1.7
3884,4.5
3885,1.1
3886,2.0
3888,3.5
3889,4.1
3890,5.0
3891,5.43
3892,5.14
3893,11.5
3894,7.47
3895,5.93
3896,9.0
3897,5.39
3898,3.35
3899,5.94
3900,9.1
3903,7.6
3904,4.9
3905,5.21
3906,14.0
3907,9.0
3908,9.5
3910,7.65
3911,5.55
3912,4.77
3913,3.41
3914,4.76
3915,6.11
3916,7.9
3917,5.13
3918,8.25
3919,5.84
3920,6.65
3923,4.75
3924,3.3
3925,6.35
3926,3.99
3927,4.2
3928,4.6
3930,7.2
3931,8.46
3932,5.0
3933,4.71
3934,4.46
3935,3.65
3936,3.54
3937,16.5
3938,8.78
3940,5.25
3941,8.3
3942,2.0
3943,13.45
3944,13.45
3945,3.5
3948,16.0
3950,7.46
3951,6.39
3952,14.49
3953,7.36
3954,7.49
3956,6.93
3957,2.75
3958,4.75
3960,1.5
3961,6.65
3962,2.25
3964,8.5
3967,5.5
3968,2.85
3969,3.0
3970,1.85
3971,5.25
3972,3.75
3973,10.12
3974,13.5
3975,4.0
3977,5.25
3978,4.25
3979,5.25
3980,3.75
3982,4.1
3983,4.35
3984,6.45
3985,7.75
3986,3.75
3987,6.5
3988,2.05
3990,5.29
3991,3.0
3993,16.78
3994,4.99
3996,2.07
3997,3.9
3998,6.03
3999,14.0
4002,17.25
4004,16.0
4005,12.5
4007,2.5
4008,9.35
4009,5.51
4010,5.06
4012,4.22
4013,6.31
4014,5.9
4015,4.99
4016,7.85
4017,3.25
4019,9.25
4020,6.45
4021,7.6
4023,12.45
4024,5.0
4025,2.8
4026,1.15
4027,6.0
4028,16.5
4029,8.53
4030,8.61
4031,2.75
4032,4.18
4033,1.9
4034,18.5
4035,5.19
4036,3.2
4037,5.01
4038,7.0
4039,6.0
4040,6.75
4041,5.5
4042,3.45
4043,5.41
4044,4.3
4045,8.6
4046,5.3
4047,14.23
4048,10.7
4049,1.73
4050,7.07
4051,8.2
4052,8.28
4053,12.55
4054,6.9
4055,6.16
4057,8.0
4059,3.15
4060,3.15
4061,6.5
4063,3.1
4064,8.25
4065,4.85
4066,3.5
4067,7.95
4069,4.7
4070,6.25
4072,7.94
4073,2.66
4075,2.96
4077,6.07
4080,7.4
4081,1.15
4082,1.67
4083,14.75
4085,12.65
4086,8.35
4087,10.95
4089,3.09
4090,2.05
4091,16.99
4092,3.03
4093,2.64
4095,15.41
4096,4.0
4097,3.08
4098,10.0
4100,2.4
4102,12.9
4104,4.4
4105,6.7
4106,8.0
4107,9.21
4108,3.1
4109,3.58
4110,3.9
4111,13.5
4112,3.45
4113,2.08
4114,3.2
4115,2.1
4116,6.75
4117,11.0
4118,12.0
4120,4.4
4121,3.85
4122,7.2
4123,5.4
4124,8.25
4125,7.2
4126,2.3
4127,2.0
4128,11.6
4129,7.23
4130,8.06
4131,7.0
4132,5.07
4133,4.99
4134,13.0
4135,6.39
4136,1.3
4137,3.31
4138,7.9
4139,3.76
4141,3.1
4143,5.7
4144,10.65
4145,5.7
4146,1.5
4147,6.9
4148,5.5
4149,4.19
4150,5.06
4151,1.3
4152,5.28
4153,6.08
4154,17.5
4155,3.0
4156,15.0
4157,1.78
4158,13.25
4161,9.45
4162,7.0
4163,3.99
4164,5.56
4165,8.95
4167,3.33
4168,14.0
4169,3.24
4170,3.59
4171,9.5
4172,3.48
4173,5.32
4175,2.28
4176,2.95
4177,2.97
4178,3.5
4179,10.0
4180,3.6
4181,18.5
4182,5.8
4183,6.5
4184,14.3
4185,4.15
4187,12.5
4188,16.0
4189,6.61
4190,3.98
4191,3.5
4192,7.0
4193,4.57
4194,10.0
4195,2.95
4197,1.96
4198,9.25
4199,11.0
4200,1.1
4201,3.8
4203,4.35
4204,9.25
4207,17.75
4208,7.4
4209,3.08
4210,5.09
4211,17.25
4212,3.05
4213,3.49
4215,9.01
4216,15.75
4217,6.51
4219,3.0
4220,5.3
4221,15.75
4222,7.35
4223,7.01
4224,5.5
4225,4.1
4226,1.2
4227,4.9
4228,2.05
4229,10.13
4231,6.15
4232,4.33
4233,6.07
4234,3.1
4235,5.64
4236,15.0
4237,5.24
4238,15.0
4239,3.45
4240,6.9
4241,7.3
4242,5.4
4243,2.1
4244,9.35
4245,3.8
4246,14.5
4247,2.0
4248,17.3
4249,7.91
4250,7.79
4251,6.5
4252,4.82
4253,5.62
4254,3.1
4255,8.92
4256,5.3
4257,5.49
4258,2.35
4259,5.95
4261,5.86
4263,3.85
4264,5.45
4265,2.95
4269,4.89
4270,3.26
4271,15.49
4272,5.47
4273,6.14
4275,4.45
4277,2.85
4278,6.0
4280,16.75
4281,8.75
4283,6.95
4284,7.25
4285,7.9
4286,9.75
4287,5.0
4288,16.5
4289,2.53
4290,4.96
4291,5.1
4292,5.54
4293,14.25
4294,4.85
4295,14.25
4296,3.77
4297,1.0
4299,4.25
4300,4.15
4301,15.8
4302,1.65
4305,5.6
4306,6.34
4307,5.25
4308,6.6
4309,5.62
4310,11.14
4311,1.0
4312,3.44
4314,5.3
4316,2.78
4319,6.9
4320,5.5
4321,8.2
4322,2.1
4323,3.99
4324,7.2
4325,3.4
4326,4.57
4327,3.8
4328,6.53
4329,4.26
4330,4.65
4331,2.45
4333,4.32
4334,8.45
4335,5.8
4336,2.35
4337,2.7
4338,6.25
4339,10.5
4340,7.4
4341,10.49
4342,5.7
4343,2.75
4344,2.5
4345,13.65
4346,4.29
4348,5.44
4349,3.36
4351,4.49
4353,5.03
4354,1.25
4355,3.5
4357,17.55
4358,1.25
4359,1.0
4360,8.5
4361,12.0
4362,2.75
4363,4.25
4364,3.5
4365,2.21
4366,8.28
4367,6.0
4368,15.56
4369,5.17
4370,3.25
4371,3.71
4372,4.75
4373,4.06
4374,10.9
4375,8.9
4376,1.0
4378,4.85
4379,8.4
4380,9.0
4381,9.5
4382,4.18
4383,11.95
4385,10.44
4386,2.6
4387,9.55
4388,6.71
4390,11.78
4391,4.89
4392,15.41
4393,4.65
4394,7.28
4395,5.3
4396,4.66
4397,4.57
4398,3.5
4399,2.9
4401,3.75
4402,6.0
4403,14.0
4405,7.4
4406,7.66
4407,4.4
4408,5.19
4409,16.0
4410,5.25
4411,11.08
4412,4.2
4413,6.05
4414,3.26
4415,9.5
4416,6.39
4417,7.12
4420,6.7
4421,16.5
4422,8.75
4423,16.0
4424,6.75
4425,5.33
4426,4.87
4428,5.26
4429,9.26
4430,8.5
4431,7.25
4432,5.01
4433,5.77
4434,8.95
4435,5.21
4436,6.5
4437,6.7
4438,7.75
4439,9.8
4440,8.3
4441,7.5
4442,4.5
4443,6.0
4444,3.02
4445,7.36
4446,4.8
4447,9.67
4448,4.32
4449,6.0
4450,6.1
4451,12.5
4452,3.37
4453,5.27
4454,17.5
4455,5.49
4456,2.7
4457,2.85
4458,9.75
4459,7.25
4460,9.55
4461,18.5
4462,10.1
4463,17.5
4464,6.21
4465,6.33
4467,5.15
4468,6.79
4469,13.88
4470,6.09
4471,10.0
4472,5.9
4473,5.7
4475,6.79
4476,18.0
4477,6.4
4478,4.75
4479,4.3
4480,17.0
4482,7.0
4483,6.75
4484,4.3
4485,4.2
4486,5.8
4487,3.34
4488,4.02
4489,2.4
4490,7.34
4491,7.95
4492,5.7
4493,5.51
4494,2.8
4495,4.63
4496,6.25
4497,8.0
4498,2.0
4499,1.7
4501,3.25
4502,7.5
4503,2.75
4504,4.47
4505,5.78
4506,6.0
4507,5.24
4508,4.02
4509,6.67
4510,5.52
4511,2.65
4512,4.43
4513,7.21
4514,15.5
4515,10.92
4516,8.9
4517,5.5
4518,6.09
4519,14.5
4520,11.0
4522,11.99
4523,8.45
4524,10.13
4525,10.08
4526,2.6
4527,11.24
4528,6.09
4529,14.5
4530,2.72
4531,15.0
4532,5.22
4533,6.23
4534,5.85
4535,2.98
4536,4.0
4538,10.8
4539,5.2
4540,6.8
4541,5.0
4542,11.99
4543,4.98
4544,6.33
4545,5.62
4546,4.75
4547,6.01
4548,3.52
4550,3.0
4551,7.2
4552,5.41
4553,5.14
4554,3.95
4555,7.8
4556,4.0
4557,9.95
4558,9.4
4559,14.9
4560,5.8
4562,3.75
4564,3.14
4565,5.56
4567,7.87
4568,5.95
4569,4.0
4570,7.71
4571,7.9
4572,6.55
4573,3.36
4574,17.75
4575,8.32
4576,10.25
4581,5.95
4582,6.25
4583,5.99
4584,6.15
4585,5.14
4587,4.58
4588,7.0
4589,5.15
4590,8.22
4591,2.65
4592,5.79
4593,3.18
4594,4.35
4595,6.43
4596,7.5
4597,8.25
4599,6.1
4600,10.9
4601,1.0
4602,6.25
4603,1.85
4604,3.57
4605,5.47
4606,8.0
4607,3.11
4608,5.7
4609,3.0
4610,3.32
4611,5.1
4612,3.25
4613,6.44
4615,5.28
4616,2.6
4617,11.5
4618,7.4
4619,4.1
4620,5.99
4621,11.25
4622,12.99
4623,10.5
4624,4.16
4625,6.42
4626,8.49
4627,4.34
4628,2.76
4629,7.1
4630,5.8
4631,5.75
4632,4.98
4633,5.33
4634,6.99
4635,5.2
4636,7.2
4637,18.0
4638,3.8
4639,7.49
4640,3.3
4642,7.0
4643,6.45
4644,3.91
4645,5.09
4647,5.16
4648,3.12
4650,4.34
4651,3.75
4652,4.32
4653,6.88
4654,3.5
4655,4.96
4656,6.3
4657,6.85
4659,6.3
4660,5.5
4661,5.2
4662,2.5
4663,10.0
4664,4.96
4665,7.88
4666,9.95
4667,4.16
4668,3.44
4669,4.5
4670,5.23
4671,3.4
4672,5.2
4673,6.28
4674,5.25
4675,5.14
4676,17.0
4677,2.9
4678,9.5
4679,9.0
4680,7.5
4681,3.0
4682,9.8
4683,6.75
4684,6.16
4685,5.5
4686,8.14
4687,7.5
4688,4.5
4689,4.98
4690,6.5
4691,5.27
4692,3.29
4693,3.5
4694,5.41
4695,3.4
4696,1.85
4697,11.25
4698,10.0
4699,4.5
4700,4.45
4701,11.95
4702,4.4
4703,5.03
4704,7.02
4705,11.75
4706,6.9
4707,5.2
4708,6.99
4709,4.36
4710,2.5
4711,5.02
4712,5.1
4713,6.6
4714,5.99
4715,2.5
4717,7.5
4718,15.95
4719,3.1
4720,6.75
4722,12.0
4723,3.92
4724,4.01
4726,5.81
4727,9.09
4729,5.43
4730,11.0
4731,7.43
4732,9.97
4733,15.99
4734,8.11
4735,2.5
4736,6.5
4737,9.75
4738,11.99
4739,9.99
4740,5.25
4741,4.2
4742,6.0
4743,9.96
4744,3.11
4745,17.0
4746,5.72
4747,3.07
4748,4.54
4749,7.75
4750,8.5
4751,9.07
4752,5.09
4754,9.4
4755,2.27
4757,6.5
4758,5.8
4759,5.95
4760,11.0
4761,7.7
4762,6.95
4763,4.96
4764,12.61
4765,8.75
4766,9.28
4767,8.04
4768,11.0
4769,12.75
4770,9.5
4771,4.0
4772,5.5
4773,4.75
4774,7.2
4777,4.17
4778,5.32
4779,11.5
4780,9.44
4781,5.01
4782,8.5
4783,4.72
4784,8.6
4785,4.69
4786,2.89
4787,6.9
4788,3.21
4789,5.75
4790,8.9
4791,5.25
4792,9.0
4793,16.5
4794,11.2
4795,5.99
4796,10.2
4797,4.43
4798,6.44
4799,7.5
4800,5.19
4801,6.95
4802,9.81
4803,4.25
4804,15.37
4805,3.23
4806,7.0
4807,8.09
4808,17.85
4810,11.95
4812,2.45
4813,4.25
4814,3.85
4815,5.45
4816,5.88
4817,7.47
4818,2.8
4819,6.33
4820,8.14
4821,9.0
4822,6.05
4823,2.7
4824,6.22
4825,3.17
4826,7.95
4827,6.02
4828,5.75
4829,6.75
4831,7.5
4832,3.5
4833,7.49
4834,5.5
4835,5.99
4836,5.7
4837,8.95
4838,10.11
4839,2.67
4840,5.7
4841,3.69
4842,3.6
4843,6.05
4844,5.85
4845,17.99
4846,7.23
4847,8.95
4848,13.5
4849,13.2
4852,17.0
4853,18.0
4854,17.5
4855,4.29
4856,3.76
4857,10.15
4858,3.12
4859,4.92
4861,8.0
4862,1.65
4863,8.31
4864,6.91
4865,1.75
4866,4.93
4867,5.99
4869,3.2
4871,8.25
4872,3.75
4873,3.23
4874,4.87
4875,2.9
4876,7.09
4877,9.83
4878,4.5
4879,6.72
4880,13.5
4881,4.57
4882,3.11
4883,1.5
4884,6.23
4885,10.9
4886,16.0
4887,2.0
4888,9.25
4889,11.5
4890,11.5
4892,8.95
4893,10.09
4894,10.5
4895,4.41
4896,7.59
4897,4.25
4898,3.06
4899,6.0
4900,13.85
4901,7.36
4902,8.4
4903,4.26
4904,3.05
4905,6.29
4906,8.69
4907,18.5
4908,3.0
4909,8.5
4910,8.7
4911,7.75
4912,4.16
4913,10.25
4914,7.9
4915,8.55
4916,6.49
4917,2.3
4918,5.99
4919,9.0
4920,6.22
4921,3.62
4922,12.95
4923,9.64
4924,3.95
4925,4.6
4926,4.0
4927,13.25
4928,2.15
4929,10.5
4930,4.65
4931,5.74
4932,2.95
4934,7.07
4935,6.05
4936,5.65
4937,6.08
4938,7.25
4939,3.69
4940,5.08
4941,3.6
4942,3.99
4943,9.2
4944,7.4
4945,6.25
4946,4.5
4947,6.5
4948,4.5
4950,6.75
4951,6.52
4952,4.96
4953,6.5
4954,7.89
4955,4.58
4956,2.0
4957,3.11
4958,10.0
4959,6.13
4960,3.9
4961,5.17
4962,9.99
4963,7.4
4964,16.5
4965,13.2
4966,2.2
4967,4.2
4968,5.5
4969,5.5
4970,5.02
4971,5.52
4972,8.3
4973,5.79
4974,12.15
4975,9.5
4976,10.21
4978,4.21
4979,8.7
4981,6.77
4982,7.25
4983,6.5
4984,9.8
4985,11.0
4986,2.9
4987,3.5
4988,2.9
4989,5.9
4990,2.99
4991,12.52
4992,8.75
4993,5.5
4994,9.7
4995,5.9
4996,7.71
4997,2.57
4998,7.67
4999,2.6
5000,5.81
5001,10.25
5002,4.0
5003,7.5
5004,10.0
5006,6.6
5007,6.62
5008,3.95
5009,5.14
5010,7.72
5011,6.8
5012,2.54
5013,3.11
5015,10.15
5017,4.61
5018,3.72
5019,14.5
5020,8.03
5021,2.2
5022,11.5
5025,9.0
5026,14.0
5027,2.95
5029,3.06
5031,3.66
5032,6.45
5033,2.99
5034,4.23
5035,2.95
5036,3.28
5037,5.65
5039,2.99
5040,2.99
5041,4.9
5042,3.4
5043,1.5
5044,6.5
5045,16.5
5046,7.5
5047,7.0
5048,4.66
5049,5.87
5050,2.2
5051,6.77
5052,3.34
5053,1.5
5054,3.15
5055,1.15
5056,3.89
5057,3.47
5058,14.5
5059,8.0
5060,15.5
5061,3.5
5062,3.2
5064,3.45
5065,7.5
5067,16.99
5068,4.89
5069,3.31
5070,12.0
5071,4.01
5072,3.47
5073,4.1
5074,7.64
5075,14.0
5076,8.31
5077,5.35
5078,4.65
5079,4.15
5080,2.3
5081,3.2
5082,4.0
5083,12.0
5084,11.0
5085,8.5
5086,3.9
5087,12.25
5088,7.49
5089,10.01
5090,7.81
5091,16.5
5092,4.26
5093,6.16
5094,4.9
5095,4.28
5097,6.7
5098,3.37
5099,13.5
5100,6.11
5101,9.75
5102,8.25
5103,4.0
5104,9.0
5105,6.5
5106,2.25
5107,4.0
5109,7.07
5110,5.76
5111,5.6
5112,4.56
5113,6.85
5114,12.05
5115,9.75
5116,2.89
5117,2.9
5118,4.25
5119,4.07
5120,3.0
5121,11.95
5122,3.9
5123,2.25
5124,6.5
5125,2.5
5126,4.75
5127,7.0
5128,5.59
5129,7.89
5130,9.5
5131,12.97
5132,7.5
5133,3.3
5134,6.91
5135,7.75
5136,2.14
5137,2.32
5138,4.25
5139,2.81
5140,6.0
5141,9.5
5142,6.0
5143,5.0
5144,5.55
5145,4.49
5146,6.4
5147,2.63
5148,9.39
5149,4.55
5150,7.77
5151,7.01
5152,6.25
5153,4.78
5154,4.65
5155,4.72
5156,6.04
5157,10.5
5158,2.73
5159,4.99
5160,2.99
5161,4.25
5162,1.94
5163,4.99
5164,16.5
5165,7.5
5166,7.24
5167,3.0
5168,8.0
5169,8.1
5170,4.59
5171,7.5
5172,4.97
5173,5.77
5174,6.7
5175,6.9
5176,17.0
5177,2.52
5178,2.94
5180,18.5
5181,7.0
5182,13.5
5183,4.7
5184,3.2
5185,6.5
5186,5.29
5187,6.46
5188,4.8
5189,6.07
5190,1.6
5191,3.74
5192,8.17
5193,1.8
5194,6.8
5195,10.0
5196,10.0
5197,10.8
5198,3.15
5199,1.6
5200,7.6
5201,3.0
5202,8.25
5203,7.41
5204,3.65
5205,4.1
5206,4.75
5207,5.61
5208,12.0
5209,4.11
5210,4.6
5211,3.09
5212,5.94
5213,18.0
5214,5.16
5215,13.0
5216,6.8
5217,7.6
5218,4.99
5219,13.0
5220,4.5
5221,2.95
5222,6.67
5223,7.9
5224,4.8
5225,4.64
5226,12.28
5227,3.9
5228,8.01
5229,5.6
5230,4.2
5231,4.72
5232,7.5
5233,10.98
5234,6.5
5236,3.2
5237,6.8
5238,6.0
5240,4.99
5241,12.5
5242,4.09
5243,9.91
5244,7.5
5245,4.96
5246,2.98
5247,7.2
5248,5.83
5249,11.25
5250,9.82
5251,4.58
5252,9.5
5253,8.53
5254,6.0
5255,3.9
5256,6.2
5257,4.0
5259,7.5
5260,9.75
5261,4.47
5262,4.1
5263,3.3
5264,3.72
5265,4.7
5266,2.97
5267,4.2
5268,4.06
5269,5.61
5270,3.5
5271,1.93
5272,4.0
5273,7.65
5275,8.5
5276,10.0
5277,5.56
5278,1.0
5279,10.5
5280,9.09
5281,7.34
5282,4.5
5283,3.56
5284,8.35
5286,2.33
5287,2.21
5288,5.49
5289,8.81
5290,3.25
5291,2.5
5292,8.1
5293,12.0
5294,6.5
5295,3.15
5296,3.4
5297,3.33
5298,5.68
5299,6.5
5300,3.29
5301,8.06
5302,7.75
5303,6.55
5305,6.72
5306,9.81
5307,2.2
5308,8.04
5309,8.0
5310,9.5
5311,6.0
5314,14.75
5315,2.63
5316,2.45
5317,7.77
5318,5.07
5319,10.5
5320,2.97
5321,4.11
5323,5.29
5325,9.16
5326,8.42
5327,2.9
5328,5.25
5329,8.95
5331,3.85
5332,10.0
5333,3.0
5334,5.15
5335,2.99
5336,2.68
5337,4.83
5338,12.99
5339,6.18
5340,6.91
5341,10.0
5342,6.53
5343,9.9
5344,5.37
5345,2.53
5346,3.99
5347,4.71
5348,3.4
5349,6.59
5350,3.7
5351,4.0
5352,7.0
5353,7.5
5355,3.6
5356,3.68
5357,5.56
5358,4.26
5359,9.61
5360,7.93
5361,9.9
5362,9.51
5363,3.0
5364,5.67
5365,2.98
5366,3.5
5367,6.74
5368,4.5
5369,2.7
5370,10.0
5371,10.5
5372,4.5
5373,17.25
5374,11.75
5375,9.4
5376,2.51
5377,9.88
5379,11.57
5380,15.98
5382,2.66
5384,2.79
5385,4.65
5386,2.1
5387,5.49
5388,3.45
5389,3.0
5390,4.95
5391,4.75
5392,4.45
5393,1.65
5394,14.91
5395,2.9
5396,8.6
5397,2.41
5398,1.21
5399,8.17
5400,3.3
5401,1.85
5402,5.68
5403,4.7
5404,4.57
5405,10.22
5406,3.12
5407,1.17
5408,8.7
5409,2.85
5411,5.2
5412,1.0
5413,5.5
5414,1.85
5415,4.31
5416,6.31
5417,4.76
5418,11.19
5419,10.02
5420,6.85
5421,3.47
5422,6.5
5423,7.56
5424,15.81
5425,2.3
5426,5.84
5427,15.0
5428,4.0
5429,5.35
5430,4.1
5431,2.95
5434,3.1
5435,3.37
5436,12.59
5437,14.0
5438,12.91
5439,4.98
5440,4.7
5441,5.45
5442,8.95
5443,4.27
5444,5.59
5445,6.5
5446,4.43
5447,4.8
5448,6.6
5449,1.45
5450,1.65
5451,3.8
5452,4.5
5454,5.0
5455,5.31
5456,7.44
5457,2.0
5458,5.76
5459,7.6
5460,4.0
5461,2.73
5462,4.8
5463,9.22
5464,7.46
5466,4.9
5467,4.6
5468,4.9
5469,15.89
5470,9.3
5471,7.02
5472,4.65
5474,10.08
5475,8.13
5476,14.85
5477,7.44
5478,9.89
5479,14.85
5480,4.08
5481,4.0
5482,4.92
5483,4.46
5484,5.0
5485,11.03
5486,9.6
5487,5.5
5488,15.0
5489,6.6
5490,3.65
5491,14.5
5492,9.0
5493,3.85
5494,16.39
5495,7.65
5497,9.91
5498,7.44
5499,8.25
5500,7.7
5501,7.45
5502,17.75
5503,7.65
5504,2.5
5505,8.35
5506,4.7
5507,2.0
5509,12.99
5510,2.25
5511,2.49
5512,2.79
5513,3.1
5514,4.18
5515,2.57
5516,7.99
5517,6.22
5518,2.38
5519,3.65
5520,7.53
5521,5.2
5522,3.94
5523,9.91
5524,14.0
5525,7.73
5526,4.75
5527,4.65
5528,11.99
5529,13.0
5531,7.0
5532,4.5
5534,2.89
5535,4.03
5536,3.8
5537,6.17
5538,11.92
5539,3.4
5540,9.25
5541,8.5
5542,2.25
5543,6.92
5544,4.25
5545,11.8
5546,1.95
5547,4.2
5548,3.5
5549,5.9
5550,9.6
5551,7.5
5552,2.4
5553,12.6
5554,6.17
5555,7.7
5556,18.0
5557,6.42
5558,3.18
5559,6.2
5560,9.51
5561,9.0
5562,18.08
5563,6.69
5564,6.8
5565,3.76
5566,10.5
5568,6.0
5569,8.8
5570,6.4
5572,8.5
5573,9.0
5574,1.95
5575,10.33
5576,17.0
5577,12.68
5578,11.2
5579,8.5
5580,4.08
5581,17.5
5582,5.42
5583,2.87
5584,8.1
5585,9.69
5586,2.8
5587,7.0
5588,7.0
5589,2.0
5590,6.0
5591,8.75
5593,2.79
5594,2.44
5595,3.0
5596,3.39
5597,2.59
5598,1.5
5599,2.69
5601,4.0
5602,1.91
5603,5.8
5604,3.24
5605,8.6
5607,7.9
5608,2.6
5609,1.0
5610,10.5
5611,2.7
5612,2.5
5613,7.32
5614,2.73
5615,2.5
5616,1.75
5617,7.02
5618,10.85
5619,2.79
5620,8.25
5621,3.87
5622,3.83
5623,6.0
5624,8.13
5625,3.5
5626,1.55
5627,1.8
5628,10.5
5629,1.8
5630,8.9
5631,7.0
5632,6.4
5633,2.9
5634,9.99
5635,18.0
5636,2.86
5637,2.93
5639,7.53
5640,3.5
5641,6.88
5642,3.76
5643,6.0
5644,3.25
5645,6.0
5646,6.0
5647,4.0
5648,3.0
5650,16.85
5651,2.0
5652,7.2
5653,10.64
5654,6.47
5655,16.25
5656,8.46
5657,4.58
5658,1.95
5659,4.25
5660,6.5
5661,5.84
5662,2.2
5663,6.19
5664,7.0
5666,4.5
5668,1.8
5669,2.24
5670,3.81
5671,4.59
5672,6.31
5673,9.51
5674,5.32
5675,3.01
5676,2.45
5677,9.78
5678,3.15
5679,3.45
5680,5.74
5681,4.05
5682,8.28
5684,7.79
5685,6.0
5686,7.85
5687,6.0
5688,2.3
5689,6.3
5690,2.6
5691,5.85
5692,4.42
5693,10.0
5694,6.18
5695,4.9
5696,5.85
5697,5.88
5698,8.5
5699,7.04
5700,4.1
5701,5.83
5702,15.0
5703,11.5
5704,6.3
5705,1.5
5706,6.5
5707,8.5
5708,7.2
5709,3.5
5710,6.46
5712,5.7
5713,5.86
5714,12.5
5715,5.04
5716,4.5
5717,3.36
5718,7.98
5719,1.0
5720,3.62
5721,7.5
5723,10.3
5724,7.0
5725,3.95
5726,8.3
5727,15.0
5728,2.8
5729,4.85
5730,4.95
5731,4.5
5732,3.97
5733,7.16
5734,8.3
5735,3.8
5736,2.0
5737,4.6
5738,4.1
5739,2.5
5740,4.08
5741,4.0
5742,4.0
5743,11.0
5744,3.1
5745,6.5
5746,3.5
5747,3.04
5748,7.5
5749,2.55
5750,8.36
5751,11.75
5752,3.63
5753,7.29
5754,16.0
5755,7.73
5756,14.5
5757,5.9
5758,5.82
5760,5.52
5761,5.0
5762,8.0
5763,9.5
5764,8.2
5765,10.5
5766,1.8
5767,13.0
5768,3.41
5769,7.08
5771,3.67
5772,5.22
5773,15.0
5774,7.65
5775,2.5
5776,4.25
5777,2.6
5778,2.5
5779,2.57
5782,16.25
5783,16.5
5784,11.5
5785,4.99
5786,3.15
5787,9.8
5788,8.21
5789,5.68
5791,4.46
5792,5.55
5793,18.5
5794,5.59
5795,10.5
5796,4.12
5797,6.15
5798,18.1
5799,3.9
5802,5.6
5803,7.5
5804,1.7
5805,13.2
5806,2.2
5807,8.5
5808,5.23
5809,5.83
5810,17.5
5811,4.51
5812,6.68
5813,1.95
5814,8.24
5815,1.6
5816,6.22
5817,4.25
5818,4.5
5819,10.2
5820,3.25
5821,14.99
5822,2.49
5823,7.99
5825,3.9
5826,5.8
5827,3.8
5828,2.64
5829,5.31
5830,5.25
5831,10.24
5832,5.52
5833,9.5
5834,3.82
5835,9.5
5836,7.15
5837,3.82
5838,8.6
5839,6.35
5840,3.25
5841,1.2
5842,8.5
5843,17.0
5844,1.7
5845,2.0
5846,4.0
5847,4.0
5848,3.27
5849,6.27
5850,3.5
5851,9.93
5852,5.5
5853,2.5
5855,2.7
5856,6.69
5857,13.21
5858,6.5
5859,7.06
5860,2.45
5862,7.0
5863,7.0
5866,8.5
5867,15.0
5868,5.1
5869,3.81
5870,3.2
5871,4.2
5872,3.5
5873,1.5
5874,4.89
5875,4.25
5876,13.75
5877,4.5
5878,3.5
5879,4.49
5880,2.95
5884,4.75
5886,9.0
5887,9.5
5889,4.36
5890,10.0
5891,2.52
5892,6.85
5893,5.5
5894,6.99
5895,7.5
5896,3.25
5897,13.0
5900,3.75
5901,5.6
5902,5.9
5903,5.55
5906,6.0
5907,1.7
5908,3.43
5909,5.44
5910,9.9
5911,4.69
5912,7.16
5913,10.0
5914,1.5
5915,3.05
5916,5.5
5917,13.0
5918,2.9
5919,5.5
5920,2.1
5921,9.1
5922,2.25
5923,7.25
5924,5.7
5925,12.0
5926,7.21
5927,7.75
5928,7.4
5929,7.32
5930,6.5
5932,8.5
5933,16.5
5935,5.0
5936,2.5
5937,14.73
5938,6.5
5939,1.75
5940,7.5
5941,6.9
5942,7.14
5944,4.92
5945,4.01
5946,4.75
5947,17.0
5948,5.25
5949,1.75
5950,1.3
5951,11.5
5952,9.34
5953,3.6
5954,7.1
5955,1.5
5956,6.5
5957,3.5
5959,11.0
5960,6.25
5961,4.96
5962,8.99
5963,6.75
5964,9.1
5965,8.3
5966,9.5
5967,4.7
5969,8.5
5970,6.65
5971,3.6
5972,18.5
5973,1.2
5974,6.0
5975,3.6
5976,6.25
5977,7.4
5978,1.42
5979,12.0
5980,5.75
5981,3.21
5982,6.8
5983,8.25
5984,3.96
5985,7.42
5986,8.51
5987,8.4
5988,8.51
5989,13.0
5990,9.7
5991,7.75
5992,11.0
5993,7.0
5994,11.0
5995,9.15
5996,18.5
5997,6.0
5998,9.0
5999,4.0
6000,5.4
6001,6.4
6002,7.98
6003,3.85
6004,4.85
6005,5.28
6006,10.0
6007,5.45
6008,8.35
6009,6.35
6010,6.21
6011,8.5
6012,9.8
6013,4.5
6015,8.99
6016,12.0
6017,3.6
6018,13.95
6019,6.0
6020,4.53
6021,5.34
6022,6.1
6023,7.09
6024,10.0
6025,3.2
6026,8.9
6027,7.25
6028,11.5
6029,10.1
6030,7.9
6031,8.88
6032,6.95
6033,4.25
6034,4.25
6035,7.1
6036,10.6
6039,4.0
6041,7.23
6042,4.5
6043,7.9
6044,7.95
6045,2.52
6046,6.1
6048,10.2
6049,2.0
6050,6.5
6051,14.25
6052,17.9
6053,6.3
6054,14.5
6055,2.85
6056,5.35
6057,4.35
6058,2.3
6059,5.5
6060,5.74
6061,5.89
6062,3.5
6063,3.77
6064,5.44
6065,2.25
6066,17.0
6067,6.0
6068,8.7
6070,5.0
6071,1.8
6072,8.0
6073,15.0
6074,8.5
6075,2.7
6076,4.1
6077,7.25
6078,9.0
6079,6.25
6080,6.65
6081,4.53
6082,7.5
6083,6.92
6084,5.25
6085,4.8
6086,11.0
6087,2.5
6088,6.8
6089,6.8
6090,5.5
6091,2.7
6092,10.25
6094,6.5
6095,17.5
6096,13.25
6097,2.65
6098,6.75
6099,1.0
6100,6.34
6101,4.58
6102,9.4
6103,3.27
6104,4.59
6105,13.9
6106,1.6
6107,1.05
6108,2.95
6109,4.45
6110,15.25
6111,7.0
6112,13.0
6113,3.9
6114,3.5
6115,4.5
6116,4.5
6117,9.5
6119,4.46
6120,6.72
6121,5.0
6122,4.09
6123,7.59
6124,8.25
6125,6.7
6126,2.0
6127,6.0
6128,6.0
6130,3.25
6131,11.95
6132,17.9
6133,5.9
6134,4.1
6135,7.0
6136,3.25
6137,14.9
6138,3.11
6139,7.01
6140,3.71
6142,3.49
6143,4.75
6144,2.9
6145,4.45
6146,1.8
6147,1.5
6148,6.9
6150,3.6
6151,7.5
6152,4.75
6153,4.25
6154,3.2
6155,5.0
6156,4.35
6158,5.25
6159,3.62
6160,4.55
6161,5.0
6162,3.8
6163,8.51
6164,8.15
6165,14.0
6166,6.9
6167,8.9
6168,3.3
6169,8.11
6170,8.95
6171,6.5
6172,5.9
6173,3.0
6174,4.45
6175,6.5
6176,1.5
6177,3.0
6179,5.79
6180,2.98
6181,5.95
6182,5.44
6183,8.95
6184,4.25
6185,2.44
6186,15.55
6187,14.5
6188,3.7
6189,15.25
6190,2.9
6191,5.25
6192,2.85
6193,6.5
6194,13.25
6195,5.75
6196,1.7
6197,5.9
6198,7.53
6199,4.25
6200,5.87
6201,5.8
6202,5.3
6203,4.0
6204,3.0
6205,15.95
6206,3.8
6207,6.25
6208,1.6
6209,5.25
6210,8.5
6211,3.9
6212,14.9
6213,1.9
6214,3.75
6215,1.8
6216,9.5
6217,3.83
6218,7.13
6219,5.2
6220,6.55
6221,3.13
6222,5.75
6223,6.75
6224,8.25
6226,4.45
6227,3.5
6229,13.0
6230,3.3
6231,7.5
6232,7.5
6233,6.7
6234,8.95
6236,3.65
6237,3.47
6238,14.7
6239,3.09
6240,5.86
6241,9.0
6242,9.0
6243,15.5
6246,2.55
6247,3.55
6248,6.5
6249,2.75
6250,1.5
6251,9.0
6253,6.0
6254,9.75
6255,4.75
6256,8.01
6257,15.74
6258,3.5
6259,5.9
6260,5.32
6261,5.25
6262,1.7
6263,2.25
6264,16.0
6265,2.5
6266,3.0
6267,10.0
6268,4.2
6269,3.0
6270,6.75
6271,6.25
6272,12.9
6273,1.1
6274,2.17
6275,2.5
6276,7.15
6277,3.56
6278,5.25
6279,3.41
6280,4.43
6281,2.25
6282,3.0
6283,7.5
6284,4.9
6285,4.5
6286,4.25
6288,4.9
6289,1.5
6290,8.95
6291,4.9
6292,8.75
6293,14.5
6294,6.25
6295,8.5
6296,8.59
6297,2.78
6298,5.5
6299,3.04
6300,3.71
6301,1.25
6302,12.5
6303,3.39
6305,6.95
6306,6.85
6308,16.0
6309,15.6
6310,16.0
6312,14.9
6313,3.79
6314,2.53
6315,2.95
6316,4.95
6317,2.0
6318,1.75
6319,1.75
6320,3.22
6321,3.38
6322,6.8
6323,2.73
6324,4.73
6325,1.5
6326,6.0
6327,10.0
6328,13.7
6329,9.25
6330,13.5
6332,6.5
6333,3.5
6334,13.7
6335,2.95
6338,2.4
6339,3.2
6340,15.0
6341,7.45
6342,2.25
6343,3.32
6344,4.15
6345,6.55
6346,7.75
6347,10.5
6348,4.75
6349,3.25
6350,14.0
6351,1.45
6352,2.5
6353,10.25
6354,5.0
6355,3.0
6357,10.0
6358,7.5
6359,4.6
6360,4.3
6361,15.25
6362,1.4
6364,6.5
6365,11.4
6366,1.9
6367,4.5
6368,1.0
6369,2.0
6370,2.45
6371,3.4
6372,10.4
6373,6.0
6374,3.34
6375,2.43
6376,6.1
6377,3.49
6378,5.14
6379,3.0
6380,7.25
6381,4.6
6382,4.5
6383,3.2
6384,8.5
6385,5.0
6386,5.5
6387,5.6
6388,8.0
6389,1.8
6390,2.7
6391,7.35
6392,3.08
6393,3.8
6394,4.6
6395,6.57
6396,2.55
6397,4.5
6398,4.8
6399,8.25
6400,8.95
6401,4.5
6402,5.9
6403,6.7
6404,2.3
6405,14.25
6406,8.1
6407,17.9
6408,1.89
6411,2.7
6412,4.1
6413,2.96
6415,5.76
6416,6.23
6419,17.5
6421,7.5
6422,17.65
6423,9.0
6424,9.5
6425,4.5
6426,8.95
6427,2.5
6428,12.85
6429,3.25
6430,3.5
6431,13.9
6432,8.23
6433,13.95
6434,7.9
6435,3.42
6436,2.7
6437,3.58
6438,5.0
6439,4.1
6440,6.5
6442,15.0
6443,3.8
6444,17.0
6445,4.5
6446,5.0
6447,9.45
6448,5.25
6449,9.75
6450,5.64
6451,3.26
6452,4.65
6453,1.8
6454,7.1
6455,7.94
6456,4.65
6457,1.5
6458,5.2
6459,3.61
6460,3.9
6463,6.0
6464,3.95
6465,9.8
6466,3.6
6468,12.5
6469,18.5
6470,4.5
6471,7.35
6472,5.0
6473,4.85
6474,4.29
6475,3.47
6476,6.95
6479,4.0
6480,9.0
6481,13.0
6482,3.3
6483,2.5
6484,15.75
6485,14.75
6486,2.25
6487,13.7
6488,9.0
6489,3.0
6491,2.72
6492,5.09
6493,4.7
6494,5.39
6495,5.44
6496,1.42
6497,3.45
6498,9.65
6499,2.8
6500,4.5
6501,11.3
6502,7.75
6503,2.16
6504,6.0
6506,10.12
6507,6.3
6509,5.9
6511,8.75
6512,11.1
6513,2.8
6514,3.64
6515,3.52
6516,2.15
6517,3.0
6518,2.31
6519,11.56
6520,4.0
6521,5.0
6522,3.5
6523,14.2
6524,3.85
6525,12.0
6526,14.0
6529,5.7
6530,1.17
6531,5.37
6532,6.78
6534,5.41
6535,5.78
6536,14.9
6537,2.0
6538,7.5
6539,6.75
6540,8.95
6541,4.2
6542,5.5
6543,7.25
6544,4.2
6545,1.5
6546,7.85
6547,4.6
6548,7.5
6550,1.08
6551,4.19
6552,5.49
6553,7.1
6554,4.26
6555,6.33
6556,1.1
6557,4.4
6558,2.5
6559,4.77
6560,4.7
6561,4.0
6562,5.5
6563,5.45
6564,5.65
6565,4.1
6566,3.8
6567,4.0
6568,6.5
6569,12.6
6570,4.5
6571,2.1
6572,9.9
6573,10.59
6574,4.26
6575,1.75
6576,2.2
6577,10.0
6578,5.3
6579,7.0
6580,2.99
6581,2.5
6582,8.95
6583,3.22
6584,14.0
6585,1.5
6586,3.1
6587,5.0
6588,8.25
6589,8.1
6590,6.49
6591,6.7
6592,15.25
6593,6.55
6594,4.93
6595,3.25
6596,5.5
6597,3.76
6598,3.37
6599,10.45
6600,1.18
6601,4.36
6603,8.61
6604,5.9
6605,5.53
6606,4.29
6607,5.0
6608,1.08
6609,4.82
6610,4.22
6611,2.06
6612,6.3
6613,13.9
6614,5.25
6615,3.64
6616,2.0
6617,9.75
6618,2.5
6619,13.0
6620,2.0
6621,4.5
6622,1.5
6624,2.44
6625,3.5
6626,1.0
6628,1.79
6629,9.0
6630,1.9
6631,5.47
6632,5.1
6633,16.5
6634,10.0
6635,5.8
6636,2.5
6637,3.1
6638,4.0
6640,6.02
6642,9.0
6644,1.1
6645,3.0
6646,4.17
6647,3.25
6648,12.0
6649,2.11
6650,14.5
6651,2.7
6652,3.0
6653,4.42
6654,5.08
6655,4.0
6657,4.15
6658,7.55
6659,3.4
6660,9.0
6661,3.81
6662,9.5
6663,5.0
6664,7.31
6665,12.0
6666,10.0
6667,3.0
6668,6.07
6670,16.0
6671,12.75
6673,9.95
6674,13.5
6675,14.9
6676,7.5
6677,6.75
6678,10.5
6679,2.76
6680,1.82
6682,6.0
6683,1.3
6684,1.3
6685,1.1
6687,1.3
6688,6.5
6689,2.5
6690,1.1
6691,7.3
6692,1.3
6693,3.3
6694,6.0
6695,6.0
6696,6.0
6697,1.0
6698,3.35
6699,11.0
6700,4.0
6701,3.0
6702,1.8
6703,11.0
6704,9.0
6705,2.3
6706,1.5
6707,4.0
6708,7.0
6709,6.0
6710,7.45
6711,1.5
6712,1.5
6713,11.66
6714,5.0
6715,3.5
6716,6.0
6717,2.25
6718,10.0
6719,1.9
6721,9.5
6722,1.5
6723,1.85
6725,1.5
6726,8.0
6727,4.5
6728,4.3
6729,2.25
6731,1.75
6732,1.0
6733,6.0
6734,2.0
6735,16.0
6736,1.0
6737,12.0
6738,10.7
6739,2.48
6740,4.0
6741,1.25
6742,4.0
6743,9.0
6744,3.1
6745,3.5
6746,13.0
6747,8.5
6749,5.0
6750,9.5
6751,12.14
6752,6.7
6754,8.5
6755,3.0
6756,3.3
6757,7.5
6760,1.25
6761,2.5
6762,3.7
6763,3.25
6765,1.7
6766,8.0
6767,1.22
6768,1.5
6769,3.25
6771,11.0
6772,1.0
6773,7.0
6774,1.25
6775,8.0
6776,7.8
6777,2.25
6778,9.5
6779,3.8
6781,4.25
6782,14.5
6783,5.9
6784,5.9
6785,2.8
6786,2.5
6787,5.0
6788,5.0
6789,1.42
6790,3.0
6791,6.5
6792,1.5
6793,5.0
6794,1.5
6795,1.61
6796,10.0
6797,5.2
6798,7.25
6799,7.5
6800,2.5
6801,3.5
6802,4.0
6803,1.5
6804,4.6
6806,4.25
6807,1.0
6808,6.5
6809,7.5
6810,4.56
6811,3.5
6812,3.75
6813,3.05
6814,4.0
6815,4.0
6816,2.3
6817,7.25
6818,4.25
6819,4.5
6820,3.0
6821,1.6
6822,6.4
6823,6.75
6824,3.0
6825,2.5
6826,4.5
6827,2.6
6828,8.5
6829,4.5
6830,3.8
6831,4.5
6832,3.0
6833,2.25
6834,1.5
6835,2.0
6837,4.0
6838,3.5
6839,2.5
6840,3.5
6841,3.0
6842,2.0
6843,3.0
6844,3.0
6845,2.5
6846,3.0
6847,10.0
6848,2.0
6849,3.5
6850,1.0
6851,5.0
6852,7.0
6853,8.0
6854,8.2
6855,6.75
6856,11.0
6857,3.5
6858,5.0
6859,5.0
6860,3.2
6861,4.2
6862,3.25
6863,9.5
6864,9.5
6865,3.0
6866,4.0
6867,3.5
6868,2.8
6869,5.0
6870,5.0
6871,5.0
6872,2.5
6873,3.0
6874,4.0
6875,4.2
6876,4.0
6877,8.0
6878,5.0
6879,7.25
6880,3.0
6881,4.0
6882,8.0
6883,4.5
6884,4.5
6885,5.0
6886,9.0
6887,1.65
6888,7.0
6890,5.5
6891,15.25
6892,4.0
6893,1.0
6894,2.2
6895,6.3
6896,3.5
6897,3.5
6898,4.5
6899,4.5
6900,2.0
6901,2.25
6902,3.7
6903,7.3
6904,6.1
6905,6.7
6907,8.0
6908,7.0
6909,4.0
6910,1.5
6911,3.0
6912,7.0
6913,6.5
6914,8.0
6915,8.0
6916,2.0
6917,7.0
6918,3.4
6919,4.2
6920,5.0
6921,7.5
6922,9.0
6923,7.3
6924,7.3
6925,8.1
6926,5.0
6927,5.0
6929,1.5
6930,2.5
6931,2.0
6932,6.0
6933,4.0
6934,2.0
6936,3.5
6937,7.0
6938,4.5
6939,6.0
6940,4.0
6941,3.02
6942,8.3
6943,5.0
6944,1.8
6945,2.5
6946,3.0
6947,3.2
6948,4.5
6949,2.25
6950,2.25
6951,4.5
6952,3.2
6953,3.0
6954,2.0
6955,6.8
6956,3.5
6957,3.5
6958,3.5
6959,2.0
6960,4.5
6961,3.5
6962,5.25
6963,5.2
6964,4.5
6965,6.0
6967,5.0
6968,8.0
6969,1.6
6970,2.2
6971,7.0
6972,2.0
6973,2.0
6974,1.5
6975,6.0
6976,1.3
6977,1.5
6979,1.6
6980,2.0
6982,3.5
6983,1.08
6984,1.05
6985,8.5
6986,1.0
6987,5.0
6988,9.75
6989,2.66
6990,5.95
6991,2.23
6992,12.0
6993,4.25
6994,5.96
6995,2.5
6996,2.21
6997,2.08
6998,3.11
6999,4.64
7000,2.05
7002,6.43
7004,5.45
7005,7.5
7006,16.5
7007,2.25
7009,3.15
7010,7.99
7011,5.26
7013,6.75
7014,6.12
7015,1.89
7016,9.9
7017,5.34
7018,8.0
7019,9.83
7020,2.81
7021,5.35
7022,4.75
7024,6.95
7025,3.95
7026,2.0
7027,7.5
7028,9.75
7029,4.8
7030,2.45
7031,7.19
7032,3.75
7033,2.45
7034,12.14
7035,4.39
7036,7.53
7037,3.62
7038,3.0
7039,3.89
7040,1.15
7041,8.65
7042,1.85
7045,6.2
7046,3.5
7047,4.64
7048,4.12
7049,3.75
7050,6.21
7051,4.43
7052,4.22
7053,5.5
7054,5.45
7055,4.5
7056,5.97
7057,3.3
7058,5.95
7059,5.0
7060,10.75
7061,8.35
7062,1.75
7063,4.95
7064,5.5
7065,10.25
7066,3.5
7067,7.75
7068,3.06
7069,4.32
7070,10.8
7071,3.14
7072,2.69
7073,5.21
7074,3.42
7075,1.5
7076,4.07
7077,4.6
7078,7.25
7079,3.4
7080,7.35
7081,12.0
7082,1.45
7083,3.5
7085,3.0
7086,6.95
7088,3.99
7091,2.17
7092,8.86
7093,5.5
7094,3.27
7095,17.75
7096,4.87
7097,6.12
7098,3.1
7099,2.45
7102,6.5
7103,7.5
7104,5.0
7105,7.2
7106,7.9
7107,6.45
7108,4.03
7109,3.01
7111,3.59
7112,5.11
7113,4.25
7114,2.77
7115,7.5
7116,5.51
7117,2.54
7118,12.75
7119,13.2
7120,2.7
7123,2.55
7125,5.35
7126,4.4
7127,2.25
7128,12.95
7129,17.92
7130,1.8
7131,6.02
7132,7.43
7133,3.35
7134,7.5
7135,2.4
7136,4.74
7137,3.46
7139,7.45
7140,3.35
7141,5.5
7142,5.24
7143,8.5
7144,2.1
7145,9.99
7146,2.3
7147,5.49
7148,5.2
7149,1.41
7150,1.29
7151,6.41
7152,4.66
7153,8.45
7154,2.15
7155,7.25
7156,7.72
7157,2.55
7158,16.74
7159,5.25
7160,2.95
7161,2.35
7162,4.95
7163,6.85
7164,1.86
7165,12.65
7166,8.95
7167,9.5
7168,7.27
7169,4.27
7170,8.75
7171,3.49
7172,4.5
7173,3.2
7174,6.46
7175,9.5
7176,11.24
7177,10.57
7178,9.5
7179,3.85
7180,8.75
7181,5.2
7182,6.75
7183,3.6
7184,17.95
7185,2.35
7186,9.0
7187,8.0
7188,3.57
7189,6.2
7191,3.72
7192,2.75
7193,2.2
7194,7.63
7195,7.35
7196,2.6
7197,10.15
7198,4.1
7199,7.91
7200,7.45
7201,18.5
7202,1.1
7203,3.1
7205,13.5
7206,6.5
7207,16.0
7208,4.49
7209,5.17
7210,5.0
7211,4.0
7212,4.6
7213,5.8
7214,6.43
7215,2.0
7216,4.11
7217,3.84
7218,5.0
7219,14.75
7220,5.0
7221,3.6
7222,14.5
7224,3.5
7225,11.99
7226,2.2
7227,3.3
7228,5.18
7229,1.41
7230,8.0
7231,2.27
7232,3.72
7233,13.0
7234,4.37
7235,9.5
7236,4.21
7237,1.93
7238,7.5
7239,5.99
7240,4.7
7241,3.35
7242,10.5
7244,8.43
7246,6.5
7247,1.8
7248,6.73
7249,1.98
7250,2.5
7251,3.38
7252,1.98
7253,14.0
7254,2.83
7255,2.14
7256,2.15
7257,7.49
7258,1.85
7259,4.21
7260,4.65
7261,2.0
7262,13.21
7263,4.5
7264,11.99
7265,2.1
7266,3.45
7267,4.21
7268,1.71
7269,1.72
7271,7.94
7272,8.81
7273,17.35
7274,8.53
7275,3.25
7276,2.84
7277,9.36
7278,8.0
7279,2.5
7280,6.5
7281,1.65
7282,8.5
7283,1.61
7285,7.95
7286,9.0
7287,18.0
7288,3.61
7289,5.1
7290,4.15
7291,2.66
7292,1.5
7293,13.75
7294,5.2
7295,9.25
7296,6.5
7297,2.85
7298,7.28
7299,2.1
7300,5.35
7301,8.24
7302,5.0
7303,5.26
7304,1.8
7305,9.7
7306,9.51
7307,1.8
7308,9.75
7310,7.5
7313,9.3
7314,14.99
7315,8.5
7316,10.2
7317,6.14
7318,6.3
7319,3.2
7320,2.41
7321,5.13
7322,15.5
7323,10.06
7324,10.75
7325,7.18
7326,6.35
7327,4.75
7328,3.05
7329,7.55
7330,8.0
7331,18.0
7332,4.5
7333,2.9
7334,5.8
7335,6.0
7336,5.95
7337,5.46
7338,5.88
7340,4.99
7341,6.23
7342,3.0
7343,3.38
7344,17.5
7345,4.43
7346,2.13
7350,2.34
7351,1.4
7352,5.34
7353,3.8
7354,5.65
7355,3.81
7356,7.49
7357,4.26
7358,8.77
7359,14.0
7360,3.35
7361,4.14
7362,3.21
7363,3.23
7364,9.25
7365,3.45
7366,4.54
7367,2.59
7368,6.75
7369,10.95
7371,3.25
7372,4.15
7373,16.95
7374,3.65
7376,3.33
7377,4.06
7378,6.75
7379,3.29
7380,2.79
7381,2.99
7382,6.22
7383,7.98
7384,6.18
7385,4.31
7386,4.15
7387,1.8
7389,16.75
7390,6.2
7391,3.8
7392,8.4
7394,15.5
7395,6.0
7396,8.68
7397,9.17
7398,1.0
7399,8.67
7400,8.27
7401,4.2
7402,9.42
7403,13.0
7404,8.04
7405,1.79
7406,5.5
7407,6.5
7408,4.49
7409,6.5
7410,2.5
7411,8.21
7412,3.0
7413,9.5
7414,7.0
7415,2.8
7416,6.63
7417,5.59
7418,5.0
7419,9.34
7420,9.14
7421,8.4
7422,6.84
7423,5.24
7424,4.42
7425,1.92
7426,5.8
7428,8.29
7431,6.0
7432,7.75
7433,13.65
7434,8.5
7435,4.35
7436,9.56
7437,4.31
7438,5.75
7439,4.32
7440,2.55
7441,16.75
7442,4.79
7443,7.63
7444,8.46
7445,9.99
7446,2.8
7447,7.75
7448,3.5
7449,4.45
7450,5.0
7452,8.25
7453,5.1
7454,3.25
7455,5.0
7456,6.4
7457,3.34
7458,12.5
7459,7.74
7460,3.26
7462,6.34
7463,8.25
7464,4.58
7465,4.14
7466,3.1
7467,4.5
7471,5.0
7472,9.0
7473,12.0
7474,4.0
7475,1.49
7476,3.24
7477,3.56
7478,2.95
7479,2.3
7480,2.68
7481,6.9
7482,5.49
7483,16.0
7484,4.87
7485,3.02
7486,17.5
7487,4.25
7488,2.84
7489,4.3
7490,4.45
7491,11.99
7492,1.7
7493,3.5
7494,5.25
7495,3.85
7496,4.98
7497,6.25
7498,4.94
7499,4.62
7500,7.1
7501,8.89
7503,3.04
7504,3.08
7505,15.5
7506,5.0
7507,1.5
7508,3.95
7509,14.0
7510,4.5
7511,4.95
7512,10.78
7513,4.6
7514,5.6
7515,2.59
7516,1.3
7517,2.72
7518,9.82
7519,4.25
7520,2.97
7521,7.5
7522,6.58
7523,7.5
7525,4.49
7526,1.5
7528,4.5
7529,5.65
7530,4.1
7531,1.7
7532,1.78
7533,8.95
7534,2.39
7535,6.52
7536,5.5
7537,5.99
7538,1.99
7539,5.75
7540,4.45
7541,6.2
7542,7.06
7543,3.63
7545,4.92
7546,3.6
7547,2.8
7548,16.4
7549,9.5
7550,12.99
7551,2.5
7553,2.5
7554,3.73
7555,4.15
7557,5.17
7558,4.56
7559,12.5
7560,3.11
7561,9.5
7562,3.05
7563,5.83
7564,2.5
7565,4.3
7566,1.5
7567,6.5
7568,3.3
7569,14.99
7570,6.75
7571,7.75
7572,2.8
7573,5.88
7574,3.29
7575,4.6
7576,4.79
7577,3.8
7578,2.35
7579,3.09
7580,6.7
7581,2.69
7582,2.48
7583,3.0
7584,4.6
7585,10.75
7586,5.7
7587,9.75
7588,3.3
7589,2.2
7590,4.95
7591,8.9
7593,2.79
7594,4.24
7595,5.95
7596,3.52
7597,4.81
7598,10.9
7599,4.64
7600,3.4
7601,3.52
7602,3.19
7603,10.75
7604,1.4
7605,1.25
7606,12.0
7607,1.6
7608,1.2
7609,14.99
7610,9.75
7611,9.99
7613,1.96
7614,6.83
7615,5.0
7616,6.49
7617,3.86
7618,3.0
7619,8.88
7620,5.6
7621,4.36
7622,10.32
7623,2.7
7624,4.75
7625,1.4
7626,3.2
7627,3.4
7628,2.5
7629,3.25
7630,2.6
7631,7.99
7632,4.0
7633,9.56
7634,2.1
7635,2.4
7636,2.39
7637,8.61
7639,5.98
7640,7.5
7641,5.59
7642,10.35
7644,2.59
7646,13.0
7647,6.5
7648,10.99
7649,9.99
7651,5.53
7652,6.32
7653,3.3
7654,6.9
7655,2.19
7656,3.5
7657,3.38
7658,5.0
7659,4.08
7660,2.89
7661,2.3
7662,3.95
7663,2.2
7664,12.0
7666,7.25
7667,4.3
7668,2.0
7669,1.2
7670,4.7
7671,2.96
7672,5.27
7673,1.4
7674,5.91
7675,4.8
7676,2.5
7677,8.22
7678,5.1
7679,6.81
7680,7.35
7681,5.9
7682,1.7
7683,1.3
7684,1.7
7687,4.5
7689,4.5
7690,1.9
7691,4.94
7692,5.35
7693,1.55
7694,5.57
7695,6.74
7696,1.8
7697,3.18
7698,5.0
7699,4.03
7700,15.13
7701,10.3
7702,15.3
7703,10.5
7704,8.1
7705,2.35
7706,4.39
7707,4.39
7708,2.0
7709,2.1
7710,2.25
7711,3.78
7712,6.84
7713,8.0
7714,4.19
7715,3.09
7716,5.25
7717,5.1
7719,2.89
7720,2.73
7721,6.0
7722,5.1
7723,3.0
7724,9.7
7725,14.0
7726,3.0
7727,15.0
7728,2.9
7729,7.5
7730,3.5
7731,2.96
7732,3.76
7733,13.99
7734,6.9
7735,7.14
7736,6.0
7737,3.42
7739,2.08
7740,2.79
7741,6.0
7742,14.5
7743,2.25
7744,4.0
7745,1.2
7746,6.25
7747,3.85
7748,3.35
7749,9.85
7750,2.71
7751,4.81
7753,5.55
7754,4.3
7755,12.0
7756,2.86
7757,6.8
7758,3.49
7759,3.47
7761,1.25
7762,7.85
7763,4.9
7764,17.0
7765,3.5
7766,4.0
7767,3.65
7768,4.0
7769,2.55
7770,6.01
7771,2.16
7772,6.7
7773,7.19
7774,1.42
7776,18.2
7777,7.5
7778,8.27
7779,4.75
7780,1.2
7781,1.45
7782,2.1
7784,3.3
7785,14.0
7786,5.25
7787,2.8
7788,4.3
7789,1.15
7790,5.98
7791,2.71
7792,2.76
7793,2.48
7794,5.92
7795,2.9
7796,3.41
7798,5.47
7799,5.66
7800,2.8
7801,2.85
7802,2.99
7803,2.7
7804,6.99
7805,8.5
7806,12.5
7807,4.0
7808,3.54
7809,8.5
7810,6.69
7811,4.81
7813,11.7
7814,6.19
7815,8.75
7816,5.18
7817,4.5
7818,2.35
7819,6.2
7821,4.5
7822,2.5
7823,8.8
7824,4.25
7825,11.0
7829,5.8
7830,8.9
7831,6.26
7832,7.53
7833,3.55
7834,3.99
7835,2.09
7836,1.25
7837,1.99
7838,3.54
7839,7.25
7840,10.5
7841,5.0
7842,5.5
7843,2.25
7844,1.8
7845,1.65
7846,4.99
7847,1.7
7848,5.7
7849,6.27
7850,4.71
7851,1.65
7852,7.28
7853,6.59
7854,1.2
7855,8.2
7857,2.22
7858,2.06
7859,18.5
7860,6.25
7861,6.5
7862,1.75
7863,8.99
7864,8.5
7865,2.8
7866,9.0
7868,11.7
7869,3.84
7870,2.92
7871,7.0
7872,6.47
7873,6.86
7874,1.4
7875,3.75
7876,14.0
7877,7.03
7878,3.64
7879,4.5
7880,4.0
7881,3.92
7883,3.0
7885,8.6
7889,3.72
7890,9.15
7892,3.23
7893,4.22
7894,12.99
7895,10.52
7896,2.28
7897,3.12
7898,2.76
7899,3.0
7900,15.99
7902,4.25
7903,10.0
7904,3.99
7905,3.95
7906,13.5
7907,1.68
7908,16.0
7909,9.78
7910,4.15
7911,17.0
7912,4.89
7913,2.87
7915,9.51
7916,2.55
7917,6.63
7918,1.79
7919,13.5
7920,3.0
7921,9.0
7922,15.5
7923,13.5
7924,3.25
7925,12.5
7926,2.7
7927,7.6
7928,10.0
7929,7.54
7930,5.91
7931,10.5
7932,1.92
7933,6.79
7934,6.0
7935,8.1
7937,2.87
7938,1.4
7939,5.25
7941,1.2
7942,2.0
7944,3.4
7946,15.0
7947,2.95
7949,3.57
7950,5.44
7951,2.1
7952,4.13
7953,1.4
7954,11.95
7955,1.4
7956,2.5
7957,4.29
7958,11.11
7959,1.0
7960,2.65
7961,10.25
7962,8.55
7963,7.0
7964,8.3
7965,6.91
7966,7.99
7967,15.5
7968,7.5
7969,1.78
7970,1.63
7971,6.62
7972,2.8
7973,3.72
7974,6.0
7975,3.11
7976,2.0
7977,1.62
7978,5.27
7979,8.0
7981,2.99
7982,7.25
7983,6.0
7984,9.0
7985,2.75
7986,4.8
7987,1.3
7988,3.25
7989,1.57
7990,1.77
7991,1.0
7992,5.1
7993,7.12
7994,5.0
7995,8.11
7996,4.25
7997,6.94
7998,1.7
7999,2.55
8000,1.85
8001,3.5
8002,10.25
8003,4.3
8004,8.5
8005,10.49
8006,9.0
8007,3.0
8008,3.92
8009,5.78
8010,2.1
8011,4.1
8012,6.16
8013,3.32
8014,18.25
8015,3.79
8016,8.5
8017,3.79
8018,2.1
8020,13.5
8021,14.5
8022,6.5
8023,4.0
8024,12.7
8025,1.65
8026,9.7
8027,3.3
8028,3.7
8029,3.08
8030,2.85
8031,7.0
8032,3.67
8033,3.19
8034,16.95
8035,4.99
8036,10.0
8037,4.7
8038,3.4
8039,14.5
8040,15.95
8042,2.7
8043,8.75
8044,8.5
8045,3.0
8046,2.5
8047,5.4
8048,3.3
8049,4.09
8050,4.84
8051,14.0
8052,2.39
8053,3.35
8054,10.65
8055,3.15
8057,6.14
8058,2.51
8059,5.75
8060,9.99
8061,6.99
8062,17.5
8063,1.75
8064,5.99
8065,3.35
8066,4.5
8067,3.0
8068,1.99
8069,3.99
8070,3.29
8071,5.5
8072,5.74
8073,5.22
8074,14.0
8075,3.99
8076,1.85
8077,12.99
8078,8.28
8079,3.0
8080,3.95
8081,2.8
8083,12.5
8084,8.99
8085,8.5
8087,2.46
8088,4.8
8089,11.21
8090,4.19
8091,10.5
8092,7.34
8093,5.65
8094,2.0
8095,6.29
8097,5.19
8098,16.07
8099,13.0
8100,11.0
8101,2.0
8102,8.5
8103,10.0
8104,1.5
8105,2.39
8106,2.8
8108,4.5
8109,3.16
8110,3.36
8111,16.0
8112,6.87
8113,3.27
8114,3.95
8115,8.95
8117,2.74
8118,4.2
8119,13.5
8120,1.5
8121,1.4
8122,2.9
8123,1.6
8124,5.9
8128,4.0
8129,7.87
8130,8.99
8131,1.25
8132,2.68
8133,3.4
8135,2.65
8136,2.65
8137,7.0
8138,4.5
8139,9.5
8140,2.0
8141,18.0
8142,1.6
8143,10.0
8144,17.0
8145,5.0
8146,12.2
8147,4.37
8148,12.0
8149,1.5
8150,4.0
8151,4.2
8152,1.9
8153,1.75
8154,1.75
8155,5.5
8156,14.0
8157,1.2
8158,6.5
8159,6.0
8160,4.5
8163,12.2
8164,5.99
8165,7.0
8166,5.5
8167,3.35
8168,12.75
8169,3.0
8170,13.5
8171,3.5
8172,4.75
8173,7.65
8174,11.5
8176,2.5
8177,1.65
8178,9.0
8179,3.5
8180,17.0
8181,8.0
8184,9.0
8185,11.25
8186,3.0
8187,5.5
8188,2.0
8189,3.75
8190,4.99
8191,6.0
8192,7.75
8193,18.0
8195,1.9
8196,10.0
8197,7.9
8198,5.25
8199,7.24
8200,4.35
8201,2.95
8202,16.75
8203,5.75
8204,3.35
8205,5.99
8206,6.5
8207,4.85
8208,5.75
8209,6.5
8210,4.5
8211,6.25
8212,6.5
8213,5.45
8214,8.35
8215,4.15
8216,5.45
8217,9.75
8218,9.5
8219,7.95
8220,7.25
8221,4.75
8222,7.99
8223,9.9
8224,6.25
8225,5.5
8226,5.25
8227,9.25
8228,3.25
8229,8.99
8230,2.89
8231,4.99
8232,16.5
8233,4.55
8234,7.9
8235,5.99
8236,7.99
8238,5.75
8239,5.99
8240,4.65
8241,9.5
8243,9.9
8244,3.5
8246,4.7
8247,3.95
8248,2.75
8249,3.49
8250,7.25
8251,4.4
8252,16.5
8253,3.8
8254,4.75
8255,4.5
8256,4.65
8257,9.5
8258,3.25
8259,1.99
8260,1.95
8261,7.25
8262,4.55
8263,3.99
8264,9.5
8265,3.99
8266,4.5
8267,7.4
8268,3.25
8269,4.99
8270,4.5
8271,17.5
8272,9.35
8273,13.5
8274,1.99
8275,2.79
8276,5.99
8277,4.75
8278,4.99
8279,4.5
8282,2.25
8283,8.5
8284,9.9
8285,5.75
8286,7.99
8287,3.99
8288,11.0
8289,3.99
8291,6.99
8292,14.15
8293,4.55
8294,3.3
8296,10.99
8297,10.99
8298,1.99
8299,11.9
8300,11.9
8301,5.35
8302,3.95
8303,2.5
8304,1.75
8305,1.95
8306,4.25
8307,1.58
8308,4.25
8309,1.15
8311,6.5
8313,6.5
8315,1.9
8316,2.0
8317,1.6
8318,1.2
8319,1.4
8320,1.15
8321,2.5
8322,4.8
8323,1.5
8324,1.75
8325,4.9
8326,2.5
8327,4.0
8328,5.5
8329,1.25
8330,2.8
8331,1.5
8332,10.82
8333,5.5
8334,4.75
8335,1.05
8336,5.0
8337,5.25
8338,6.5
8339,6.5
8340,2.0
8341,4.0
8342,12.0
8343,18.25
8344,5.0
8345,6.0
8346,2.3
8347,2.1
8348,10.0
8349,5.5
8350,5.5
8351,3.0
8352,12.0
8353,1.6
8354,1.8
8355,2.25
8356,6.74
8357,2.0
8358,2.9
8359,2.5
8360,1.0
8361,4.0
8362,3.6
8363,1.5
8364,5.1
8365,1.8
8366,5.5
8367,1.4
8368,5.0
